timestamp,sensor_1,sensor_2,sensor_3,sensor_4,sensor_5,sensor_6,sensor_7,sensor_8,sensor_9,sensor_10,sensor_11,sensor_12,sensor_13,sensor_14,sensor_15
2025-07-25 15:56:01.884628,21.54194549660133,58.665237396693904,1016.8915048732717,0.6353690368596645,6.727727430443931,49.5820189570888,705.2343807439237,854.8697552637385,94.12051144125452,21.66464602194899,29.485555832628833,63.90642328901871,39.645287025711546,45.53083747828147,30.89723447357453
2025-07-25 16:11:01.884628,23.285604523971415,49.68504771465264,1017.3860099058921,1.667894125893719,6.188437993809391,57.19191799779218,433.40555043233604,774.360605110925,24.756838801081873,59.39247438881613,66.59829105999314,55.29489984337901,35.664647453491696,75.58092168992144,55.06829564253679
2025-07-25 16:26:01.884628,20.24868648506512,56.06083679594725,1021.1314081929934,0.7099741884646636,4.391144709684575,52.231065386556985,583.2156528271311,887.043112346352,74.37562588808622,32.02102723023171,37.050941957025934,70.82337489874362,54.79677365034142,29.600680204448288,13.847030924398327
2025-07-25 16:41:01.884628,22.080919825254224,56.48038511677204,1015.2308293171125,1.1946568550720393,6.589306489312065,54.51172909868625,541.9769591441893,760.4211927094218,47.219097988624206,51.21062621650398,53.559336967485535,61.199921444090776,40.144930927628685,56.92779407900872,62.66180094940782
2025-07-25 16:56:01.884628,21.217617561633304,56.682113719391346,1023.8769975721603,0.8198165481651676,6.681921635373788,51.47522251115026,336.9161224489246,911.1183283217828,32.51628138896728,91.2896101187651,59.9336134112847,51.82241427594298,73.0227950809534,76.78196733524057,72.41345884692045
2025-07-25 17:11:01.884628,21.230815790408407,56.67840812045469,1018.2374679372722,1.2288338302514143,6.0654072696338455,55.594219775936175,476.6652755715377,756.3534077802359,35.65932204749606,63.8983540505495,52.853458632460736,54.73222544684189,56.48834547023803,57.11976170997997,65.08153257662521
2025-07-25 17:26:01.884628,21.79429471428739,60.046888310034134,1016.7521153942404,1.1035556863802518,3.8721382673274,59.96118843168529,408.6407317739557,717.2136559480651,22.14638131707315,45.55918394045925,78.6215244706354,40.497304029503276,62.400474993010505,26.658057336655013,42.175816706500875
2025-07-25 17:41:01.884628,21.5665203819828,60.280079850741494,1016.6414584973194,0.8917835760352157,5.870392628300002,54.435120174669464,570.1765981680675,813.6452295275417,60.2785028221321,39.4901475845693,65.66346406742069,60.14809777614728,56.90180693664965,39.29114464331767,42.40981773519632
2025-07-25 17:56:01.884628,21.527067092654786,51.8001976440116,1022.7525284640852,1.1119881772065536,6.101272530397253,54.67549797403619,378.45248886257167,933.3333894641004,32.46159275639972,83.30398879283297,78.39236566017107,70.30389373171394,68.72970775023471,73.6892705308774,55.818992444812835
2025-07-25 18:11:01.884628,19.41206316719309,58.2565670680265,1022.0908838457347,0.9855035923078823,1.978613436637193,60.20055592036586,380.0037565422822,875.5347950878005,26.911858685901496,52.98296005149303,86.90888714456818,69.24078037830277,81.73072909498352,2.272662081433358,13.412553304026972
2025-07-25 18:26:01.884628,22.93003804559426,40.003487910266735,1015.1860927222109,1.8708493343878794,5.0182228125820165,62.05012022328172,430.6796337301323,622.5374562361551,38.23674708922234,18.530905772175558,41.60430851205102,53.14674338649566,18.269061815318263,83.60047921183167,21.91467753132359
2025-07-25 18:41:01.884628,20.1277887831494,55.41281153821101,1023.4001366049737,0.9232145477754908,3.6620036767176254,56.30513863065768,392.82455335181686,896.7029349043314,39.4930329257566,58.70495404948094,60.252176055614996,63.25773490610658,72.02012666609791,34.292450804768734,26.65526033985643
2025-07-25 18:56:01.884628,21.53459225383598,52.313343524412964,1012.3279009159517,1.4749045173949156,5.479562177105837,60.21088423309582,591.9362665720448,557.6776112127815,53.07934532729631,16.218574938533052,27.161023354146934,48.18867885261384,28.951537829157754,53.199061994373345,44.52525828404607
2025-07-25 19:11:01.884628,21.008221734931602,62.50466707571609,1019.3327151022738,0.6941896579593463,6.185303214589413,54.09826755698604,465.29114364778655,836.7558669495216,42.30261072383447,69.60667926550863,74.59934222820335,55.03264348596741,76.45609730669169,46.357440105769484,64.54121451929362
2025-07-25 19:26:01.884628,22.033248076772217,59.6612396029985,1022.8619625204717,0.8298779670685977,6.913273818719395,45.86957534575415,481.3774949485265,919.813952154864,57.88168993798176,66.20060494814761,15.00178254531245,40.67301143657463,44.05708506487343,63.16820888466135,60.3660102577955
2025-07-25 19:41:01.884628,22.07711848643542,48.439266950790994,1017.355573932405,1.6372303091472802,4.319370118638697,60.408777093780294,383.2760659311547,634.6359110387546,21.11911857851087,41.78732922039182,37.69582918864656,40.18271987474411,36.01457175275299,64.27834387361614,43.13272033561339
2025-07-25 19:56:01.884628,21.25272664464919,51.339508687439825,1020.8189222481178,1.056824578496558,5.668010103884401,56.51407351261332,415.8135386924091,829.7285291282185,41.67025562649188,63.819029102711376,63.16496005488009,64.93855605511482,63.408073709492264,69.6492159870523,48.8463971690493
2025-07-25 20:11:01.884628,22.931483001680846,59.03724690890684,1017.44575961701,1.3228158052522365,5.251327324694661,53.297627331421346,499.42679575686867,798.6410433734562,43.14205835980624,41.098982465906445,49.787327630578154,43.22393898929209,38.44956732356389,37.71894384335421,40.06643367616965
2025-07-25 20:26:01.884628,22.206867925384746,63.82497453025826,1017.211144958094,0.9693648505008788,7.6560852637628045,52.48991596227631,487.482299373798,851.8678190443129,33.01161302890521,86.83617139819872,82.34661442161998,57.381054632529505,67.29898295849108,58.0981780261015,91.4051760999672
2025-07-25 20:41:01.884628,22.723759611547585,46.55037256753364,1016.0996384336429,1.6323846513034992,6.121641247891087,56.14803683414289,539.6093501172908,769.2682348204032,49.57048778292706,38.33685977662818,50.713916614571986,70.56329392519439,24.010303931000195,72.32514796002005,36.62278650018429
2025-07-25 20:56:01.884628,20.35832665398772,63.07216717576961,1017.8333269171934,0.6546599557513859,7.1932928980397115,53.78260863722774,527.7143678724972,801.1115021920521,50.66189471667657,71.60262521788499,67.40316954201897,61.934298342393376,77.4823429010682,53.54414183605347,78.64832435015647
2025-07-25 21:11:01.884628,25.148224831309278,62.58399154496682,1013.832023824202,1.3072901541980406,6.452549624587491,50.29586776137744,532.9904728176318,681.968052268056,41.240098679572604,31.30584443462288,19.28517354513464,7.684048178641907,10.564163677823883,50.545243695273534,61.501664782972064
2025-07-25 21:26:01.884628,21.43987614380199,52.937637615588606,1017.011076324299,1.2281763132232923,5.943208004828982,55.47926475945204,556.6245122790789,783.6874447747623,52.82034637528121,45.90149482383869,55.564944808408114,69.4388954343963,46.21139939063222,56.97992309153717,44.997878258440565
2025-07-25 21:41:01.884628,21.34529046471539,56.39885700982957,1022.1475250307437,0.7539179272600021,6.516364135989787,48.84923144709605,512.1909833980791,891.918483544711,64.68449720127809,55.750201152596134,25.371337927448494,53.8475131017066,48.501349765681155,63.78829880352795,46.657224419791625
2025-07-25 21:56:01.884628,21.173630172914628,58.10494342774271,1020.5708068374579,0.8439929498215345,5.902453005341675,51.055127003870474,512.909174166554,886.4605021158023,59.39123994778864,55.85944358726872,49.76008566996519,61.20905382716677,58.66207272636673,49.33161141052115,45.09475757936269
2025-07-25 22:11:01.884628,20.483773950881275,54.0034312845942,1014.3797756823267,0.983811593966436,6.122307286711708,56.60682124311566,680.396794588069,660.7474680656209,73.40779117908203,21.324897990622578,25.6924698132588,66.48938818239104,38.140380529136294,50.66811865381242,41.398670045767126
2025-07-25 22:26:01.884628,20.262584081975188,59.70246697465669,1021.1695919969293,0.8407136530137695,4.439147018604055,57.952986078159306,341.0556281482093,837.5555901339961,27.435100077047263,71.47960115737477,85.41732955858879,58.36871530964483,86.57538069366309,37.75692722194079,50.3591609822891
2025-07-25 22:41:01.884628,23.124529147653824,56.85560564704073,1022.7658712592581,0.9508770358474674,7.866558985435672,45.25158266946907,415.64608970353953,886.497953342299,46.63143846811154,78.9761346170866,13.162068185862118,31.233736225310505,37.36383038339154,91.03880925944226,78.59095156391685
2025-07-25 22:56:01.884628,19.80885117407078,61.33503722372059,1015.3341956845767,1.0358055107897899,4.0931031187834925,65.384344853011,349.0671675509204,398.1292862809223,14.86520420089412,41.218206796160004,29.85431709011425,6.872379610070348,72.52069081614493,43.477420770741475,72.72485141805508
2025-07-25 23:11:01.884628,21.744764388651998,55.83448568973214,1014.9471521289709,1.2723441603038284,6.980415111193214,55.411174470992286,582.2607418657146,712.7296680406723,49.26321146726112,46.964050408435135,48.54826365888223,59.90022351496533,40.35934881922415,57.576379943875466,61.80413903200801
2025-07-25 23:26:01.884628,20.688714835011453,53.18147849626983,1015.0830691266134,1.4945958865020808,4.725036046428331,57.234790762695944,614.3392274851475,603.6370483945642,51.78337152561288,22.64101534364565,8.028390788625675,50.70409792456321,26.88453998182278,41.66375322050781,40.712642992026495
2025-07-25 23:41:01.884628,22.487844879620898,57.44419670741918,1018.3486325839273,1.2309002207629611,5.462033724884905,55.18299946284941,431.97797870876855,772.8362435345933,33.27392319185162,52.54215449853743,57.99437168796516,39.94933030965865,49.01212392221104,52.25333724424141,50.7085256190092
2025-07-25 23:56:01.884628,21.931726223827194,49.85713512056144,1016.1124249943346,1.350068362820215,5.38022579849492,60.35068840098151,451.43299584053386,658.3665079917785,39.86840007568133,35.882891219582795,52.99808331419911,49.30938262053209,45.753042899237656,69.37356671214884,42.289248929197605
2025-07-26 00:11:01.884628,20.913851303558182,52.90438746928346,1018.2492594479594,1.2604663801989522,4.740699370496408,59.17134833585666,461.62616125339554,673.3680608343648,35.04968794530573,44.223936386828136,36.117188271794134,47.80784349813389,48.374369502289355,52.87495529620816,46.20275572256267
2025-07-26 00:26:01.884628,22.725806308804952,59.43140072929112,1019.625226802126,1.207036322804236,5.509627465640086,55.68707899620628,318.3620801616006,777.955383302767,14.026394153458469,74.63438269008937,67.68924205554795,31.68904312469696,59.88103747188773,58.00912062218102,69.65910478245563
2025-07-26 00:41:01.884628,20.223217600837067,58.66947335792509,1022.2583799915849,0.886997217826839,4.450268270047117,56.865241740914016,371.1326925792211,879.9301835342856,33.735110875762295,69.2629692492381,74.33230131016758,60.017548140332465,81.61603981975254,37.62172381069064,45.110196909108
2025-07-26 00:56:01.884628,20.291136615210362,59.579513166606986,1020.5250034060792,0.43610040404608075,6.972308981779078,51.99720874836321,561.1380358800455,933.1682955455499,67.87825571916585,64.3846760712876,72.69126768699081,77.13262036198459,79.76031850452058,52.84032053958656,51.8857582812712
2025-07-26 01:11:01.884628,23.85264899404452,58.66722350248983,1014.1109682051011,1.4900790005780007,4.715823271313504,54.26040413121462,553.6370187978771,712.9158646787697,45.84294236736457,17.606120787576494,40.94215277299913,34.10797709523819,19.025365315680975,29.58521777981442,29.721619277483935
2025-07-26 01:26:01.884628,22.002438367396834,54.750526530510314,1019.3098334232536,0.9632133182629342,5.5363413717221475,53.24801249892219,538.440016792794,812.2471781823778,62.51956898747667,37.166468147247876,39.530564625347345,53.32806569562736,46.094971880826066,54.92446293543692,33.922545133661416
2025-07-26 01:41:01.884628,20.4886657449005,50.23503388069072,1023.5690368523873,1.0559231444535926,4.328081004088944,62.133533327876364,195.49095360873733,735.2139698495293,11.011839518551627,74.23307548538703,72.38882430744209,42.399123822468674,86.0795015112844,75.0213781203882,49.99423043374124
2025-07-26 01:56:01.884628,20.571554710140962,62.31576107587339,1018.6571153573607,1.0112385563098896,5.37374177083751,56.97901452032943,407.67668456151006,724.2848603148856,20.3482446835609,76.06342368880263,60.829226486429675,45.0579256066021,71.32766178773132,40.53947177305206,77.4235678623765
2025-07-26 02:11:01.884628,20.40440804239724,56.17762937866571,1024.0163291985698,0.8240032181731678,4.999967960731255,49.811450667569396,516.3245914198345,979.0729589554046,63.244709858202995,57.78280864698778,39.507576064254984,71.08425552399177,58.056397831287285,40.656873437472484,28.927045822475744
2025-07-26 02:26:01.884628,22.58743968213724,56.1325098337268,1019.8631317954441,1.3610990355507655,4.685106444351594,52.86081558131934,431.2349603509931,846.6719485396402,33.03624072414589,52.07289366360296,44.063830587990175,42.373738490010524,37.50235681037741,44.18779769193083,39.362899476719946
2025-07-26 02:41:01.884628,20.55831364208253,55.24755111936248,1022.5412461330865,0.6979277040056465,6.322910731963383,52.76157054604697,486.82934248407605,964.7560367182957,62.08928528862152,68.65774351476827,64.14785724313899,78.49578067231963,71.77766471634672,62.987944568175344,46.301943211389016
2025-07-26 02:56:01.884628,21.735746440206682,52.59615826918594,1012.1790884912273,1.5263550084883308,5.238641564140318,58.51981882142938,668.3988081071512,572.6269218502937,56.99799542600034,12.61675319840786,17.556751085781244,51.71972267234369,20.077801035308944,44.85679050205641,40.444034575586926
2025-07-26 03:11:01.884628,21.888932812822024,56.90794938296792,1019.2023300197529,1.2574495655340603,4.286993343641351,53.54835780461224,528.5147318612646,833.8913835364575,51.70649312069362,33.110938122452296,39.00276362647696,51.352475402910244,38.15117462183777,29.92731974276514,22.333582035274926
2025-07-26 03:26:01.884628,19.594759147675823,55.335814072394584,1021.8698776597267,0.6376712100453593,4.63638888666746,52.73440463442842,626.9782115114191,988.7120942284657,79.56578529822599,40.538746525691224,61.64832097215657,92.42444655781357,67.32408015156275,29.8852218663971,11.107399623138111
2025-07-26 03:41:01.884628,22.024199542434097,58.55321763956087,1019.3233395163446,1.1273324888473895,5.3239244264638375,55.02434387477443,435.10855727315277,796.3701532842587,31.644653109339032,60.64815851061327,62.04679297289294,44.29633962897685,56.576090311812,49.874099094922556,53.92654764216118
2025-07-26 03:56:01.884628,21.045394180169367,69.80323828280551,1013.8614734070837,0.7923389276474324,6.877574142112038,56.27567132040127,543.7799306728042,627.73769939806,31.033342974091916,67.45282675082622,55.88570514442345,33.39539189138969,69.14029692990441,36.03824024716697,100.0
2025-07-26 04:11:01.884628,21.910303044119402,55.21887960067988,1017.5248853274345,1.2056240269517855,6.626171367584005,52.86998445700882,572.3585176126936,844.1304528307506,52.561400962352835,59.64722276217416,57.13132232546555,73.07024343744735,44.23490167754613,58.68509216173615,58.21907717914314
2025-07-26 04:26:01.884628,20.036476606304497,60.50232155130131,1017.1661380257666,0.7735944996152145,4.456217920570196,56.35406853298376,619.1986168074844,870.4020970105626,68.44538646648618,33.20870123448628,80.14361981159811,83.8198382419572,69.13106593135583,12.73932520754782,20.161015513941173
2025-07-26 04:41:01.884628,22.714814099892926,47.16728560580561,1016.9058807452061,1.722003805332469,5.588052768342865,56.36291395755503,496.2422812404375,761.2528233968832,39.227403631593525,42.86821145510697,47.25384214829757,62.38050197058028,23.98357107098834,69.04932197410204,39.80428411878905
2025-07-26 04:56:01.884628,19.045653105255052,57.23615546601544,1024.2042482363895,0.4418526619418997,5.313420964500219,53.04561745641147,492.66810637612963,944.6365763121543,61.57968535462841,68.4913681418671,59.7218546898938,76.25185620317379,86.71480150472294,48.775957362990155,41.816570219314805
2025-07-26 05:11:01.884628,20.204804123501884,53.41279496427448,1016.0055364288166,0.8687401589667253,6.041276520075875,58.59866412542429,576.612120245907,641.6729045808067,65.30528768446996,28.36251042241943,32.999386734799515,55.658446280991036,55.70152276930311,62.640507992750585,45.64196902019344
2025-07-26 05:26:01.884628,21.727959748445976,52.72306447855204,1016.6174743006769,1.43732798933655,5.815947483628515,55.58757381300165,534.6260280113975,759.4212078772697,46.652048146676556,44.84329864492815,48.38223173235918,64.13318366922549,38.36738874560498,54.406195720210846,46.00484582628327
2025-07-26 05:41:01.884628,20.55503650821039,61.43907666804745,1021.77124659968,1.0569031081235818,3.7527891432481537,56.292442546208804,374.9899945991535,860.1327355580985,26.858723891501413,65.87897009733223,66.84293689448062,50.00758583076217,73.46146160997604,24.02376487795547,44.18878656993916
2025-07-26 05:56:01.884628,23.218337165541605,58.97912529881596,1016.476025675668,1.6362114366664995,3.4998300251683507,58.03503269154243,370.85782343009794,664.7514188866913,14.496062555649344,35.31947911574406,46.72067893679229,18.25743700566128,33.939490910336545,26.895987620996532,37.345492372968586
2025-07-26 06:11:01.884628,20.83387780703672,57.44351388348264,1021.0497442027795,0.9329257251462755,4.919426496389175,54.35802300237946,453.5174306933619,831.3366031409146,48.396557353671014,51.875778313152324,48.34659966442768,52.821020406633465,61.77064533691649,44.228714406662405,39.03859337174258
2025-07-26 06:26:01.884628,22.668163159588595,58.249729967893785,1018.618980480067,1.0947114776359907,5.952416479605259,52.07212377323967,462.4227099185978,809.7965355658043,43.00909021353504,55.903247857251074,49.87851921040225,41.950297901959544,46.738366365666295,58.68106762069173,56.61532940645707
2025-07-26 06:41:01.884628,23.11735850195115,60.58112631922655,1015.3949704574427,1.486432908785018,4.151086666996288,58.09850142682841,403.70596773392543,692.9522232656534,17.99854490954831,39.32773240147196,58.62783498988987,24.510282984717684,37.892592482476864,28.80379261510336,45.27372413431937
2025-07-26 06:56:01.884628,23.196670046460763,43.83027046220251,1019.5747161193647,1.5448741053327235,6.241032078286683,54.74070452767358,439.04047628913463,925.6739723086433,39.937449966765826,61.14188280646881,78.97807153692528,80.20675920949913,38.13425306246693,87.05192665603492,36.744365592688986
2025-07-26 07:11:01.884628,20.57797229449465,59.190067262299316,1020.4179348327239,0.8780042746513637,5.018172689245736,53.538454720071016,524.3445547828571,924.991015263693,51.20843052612051,58.632054208732455,73.5098131054212,73.31508209388271,70.48053574036268,31.852217159002716,37.937675212738
2025-07-26 07:26:01.884628,21.176801728876992,52.39038394291402,1014.3861848192166,1.414592438211957,5.291064941356319,59.98405135698651,545.2255576203191,590.886308741481,46.22770666118641,26.28439497424157,28.80209831320396,47.39008322685643,35.644325736851286,54.35335030402933,46.180169935767424
2025-07-26 07:41:01.884628,21.207012096339174,53.805264547458535,1012.7365367588028,1.4434320543518275,5.731498902069592,57.17687881427977,711.3941293245933,616.1322378836378,68.61961120939101,12.075268412892594,16.933024242944935,60.92531606848903,23.482480817348428,42.12166519322007,38.35180590696679
2025-07-26 07:56:01.884628,23.88872793889605,60.38757996677577,1017.5981807379173,1.6029249371714989,3.7829720756715997,54.265486043475725,370.7576441327413,682.0566391577503,14.748212541399475,39.5653944595856,27.924141494949005,5.7712809701005545,24.639012325222218,32.287426588820736,46.30782350333305
2025-07-26 08:11:01.884628,23.068421360585088,58.268113232943016,1016.5157876294371,1.1655197071516068,5.4178194555838575,50.304304078815775,590.011622695855,742.0289586842794,61.35720229165994,19.714179750001847,10.370067474453144,32.24501441408716,16.553986591839028,39.578498211492345,32.744636990532776
2025-07-26 08:26:01.884628,21.65842665182029,55.85281201511089,1019.2644683018713,0.9472360581296166,5.808400230896194,49.77614243644467,592.0027294580408,836.3386172061388,76.1017332159919,27.371315986389007,16.309106581728376,52.477427953935496,33.43296398739189,46.58896465664743,27.959463333847523
2025-07-26 08:41:01.884628,18.26788504435785,67.10465604603324,1016.6487838155692,0.6211259724384653,3.8977208943485007,63.90744478926052,388.6931255701406,409.9772395644289,24.14067419168784,44.7933116515592,22.424162706328318,6.862274539861582,89.94863247689226,28.063594534710795,77.13364447167591
2025-07-26 08:56:01.884628,18.30655165293804,69.55333417682647,1015.3729178301164,0.7038452039672362,4.463021221553798,61.78572760674382,460.4748232150199,448.3448220240216,29.230178813065848,46.42619370282474,23.024265236769093,15.867870088181219,83.14799276274182,15.93153620456918,82.08469650454072
2025-07-26 09:11:01.884628,19.720340973896977,61.11674513950705,1017.1769327275363,0.8525651562289789,4.617050355220488,62.13907583047724,392.00853268110416,530.1726215550199,24.25831709182579,51.444011987118834,38.868533077887875,23.426006250817103,75.95597435388667,46.05930131117827,70.71801969206535
2025-07-26 09:26:01.884628,21.828222682543885,58.42761007076847,1020.0045000089672,0.8062359358275056,5.94009490762928,51.07346745984962,495.85839827416385,822.971033115307,57.83688778480251,49.6903471027341,31.926032364706664,43.99948412992199,49.27648679463105,58.03324952383401,50.445671211763774
2025-07-26 09:41:01.884628,22.132145141872314,57.31840816100434,1014.06533770408,1.04154525321054,7.425998101456543,53.45435448229511,670.5098933580616,799.3971200078303,65.89585481678655,45.56012205968593,62.649592548169494,74.6540501410805,43.99379791393854,57.811611861215006,60.62377556839545
2025-07-26 09:56:01.884628,20.322665664947657,53.982235450367064,1022.8675311814948,0.9465558007599391,5.022141617505223,59.47171771194444,297.5351891689228,759.7952749532163,22.861747351681757,75.14019786148866,64.2159179979354,44.84389825319726,85.43680716537787,69.83524273365008,58.13710396891973
2025-07-26 10:11:01.884628,19.869875680767997,58.34139738813613,1024.3191302430334,0.7161746043589505,5.718320199745348,55.8591403416944,287.0700595793028,859.6431256774014,24.42295841094247,93.80153487657624,72.9426567926224,55.04047593989423,93.34414966300072,62.365863470474395,69.80990884486677
2025-07-26 10:26:01.884628,21.36452746804289,55.1135673548726,1018.1506497064267,1.0023454240466019,4.8359927205404265,55.70644667464646,515.7837770127919,783.6243706848528,57.3333680082747,33.37102485741777,52.47142066172391,55.765069341191065,52.863227561274954,44.56802198335556,29.3542880923643
2025-07-26 10:41:01.884628,21.279935490375347,57.69713283606349,1017.5289341151976,0.6941407343902777,6.426324701904797,51.234514613630004,682.3314810561706,909.4074604031745,84.98683393957602,35.4705848519515,56.715214609553314,78.57694238301714,53.53997080008534,46.38885008139283,33.16447616287922
2025-07-26 10:56:01.884628,25.18796885338336,60.373164924088535,1016.8741315719408,1.7398532109912133,5.267282154712789,53.43332549137032,314.09413021939184,727.8347653156462,0.0,62.57821261559309,53.50363484020707,10.336784365722028,26.441503732384707,51.3814840815623,67.50442807503116
2025-07-26 11:11:01.884628,21.844193978638234,58.24156660346951,1016.046386266635,1.4260123117222727,5.562933504606078,57.508620968148854,468.926812232463,648.2678478015806,24.7382381465033,55.39733632703287,43.225508997006784,39.24390581734926,45.78920653313362,49.99862544052172,69.43381210084158
2025-07-26 11:26:01.884628,24.985817191175908,62.602582567285765,1013.1505058721601,1.6147862658674372,4.396668523482246,57.49991843955998,382.28760594133166,606.6730324961435,5.754203956578857,36.57691557934001,52.0197244984558,0.0,23.54747208098606,33.84978578884328,58.348267912684115
2025-07-26 11:41:01.884628,18.03254310856286,57.44650721094895,1022.838695934958,0.1457230285100446,6.056715250315558,51.92619178861615,645.6776903083794,977.0227936574353,100.0,47.65025191501356,57.70279351453068,100.0,90.44972998290041,43.18133727915081,25.36511503803
2025-07-26 11:56:01.884628,20.40274557651462,56.99712543468841,1023.65376600963,0.9372214188544593,4.300636078383945,55.37718111863158,378.66630024540757,932.7051922396116,32.76655241964733,74.08801736747252,72.49561177378676,65.36816704971753,76.03025134805743,39.13724961276993,40.85745084423399
2025-07-26 12:11:01.884628,21.26363999285163,53.92999368559843,1023.9129877333888,1.4064528752573626,3.182569868652335,54.58172260727957,367.4552539526158,921.307732026481,26.827112542727626,61.89609298808606,53.07859225615375,55.728547883796544,53.86011395018049,33.12787658835944,24.145214700629616
2025-07-26 12:26:01.884628,20.293522034808966,56.5360047642124,1025.1743637781108,1.0238060341425954,4.519548363287112,53.02210666755756,389.5298498621465,961.6735544128317,37.10925465861249,74.65841428036025,59.83403488519553,65.23576168503166,71.4985160336229,39.99601027789347,37.86496165633807
2025-07-26 12:41:01.884628,20.036361893852426,66.36914914703154,1011.9790076503384,0.9616577506431891,5.457960444075254,58.92996616309067,612.293166103593,502.9429669110721,45.81465793032357,33.975818021911955,28.651518419299972,33.97726914863935,56.572152233750494,23.560139576603316,75.1370960457661
2025-07-26 12:56:01.884628,22.176977215818965,57.29447537585707,1018.4341483620931,1.0569398680788364,5.398538692012741,53.01873832066093,519.031741660193,818.4374926543805,53.789090264763864,41.45944485528994,41.22671801368162,48.57933825356981,41.12778824453075,47.28856758383688,40.07909463160409
2025-07-26 13:11:01.884628,22.746870592855323,44.42024523426357,1018.3533630580563,1.4824924966002588,6.631675875799569,54.17208410233132,524.5610163527366,877.9462714584009,58.48018437126523,45.97518333922551,59.931184188581874,80.92337292942334,32.22961979134371,86.48751981565752,32.965490986970046
2025-07-26 13:26:01.884628,21.484717354362488,58.08115813362541,1017.9607228300878,1.0527459778058188,5.948261476675144,57.74878662668994,406.78027076285645,716.128517757535,24.62228294754432,67.54866584148465,63.24978251700139,45.44728717154277,63.772684768437905,57.35195287008554,70.3898995334693
2025-07-26 13:41:01.884628,22.64843571817428,59.574369920786204,1015.7203474816822,1.147061396674646,4.841231770291965,55.786780435539534,518.2185618373387,749.7278996025162,43.602919514108,32.30205939009399,61.050791638298705,43.83567872410091,43.536794361760826,31.725662361958612,36.29225110922472
2025-07-26 13:56:01.884628,19.58190876930872,53.88443043234327,1022.9051070649524,0.8470925650418798,4.9921113531233186,57.72571568221933,363.88760507111317,784.2575826287499,37.8313418009802,67.73772442192707,51.891042205454,55.264879040160665,81.67042068726455,62.75128102945167,51.046690477887324
2025-07-26 14:11:01.884628,21.520361664133322,68.19203275394788,1010.3323661845856,1.1078100090375562,7.226403261569714,54.6561675510639,686.6176415499406,605.058455460609,49.092125344601456,45.455225173572444,39.25103626994355,44.747815224628965,42.946939399640954,30.00356029968182,90.92046729156313
2025-07-26 14:26:01.884628,22.147521476055182,46.873548313915535,1018.6278037286725,1.4895319052342308,4.766683949715596,62.01713934192012,326.62156915564765,672.6818303630066,19.76180310308203,50.2856333401451,59.48281114191635,45.646580157139574,48.866331347334665,77.2939173440533,42.55580663522109
2025-07-26 14:41:01.884628,24.181451333386303,56.58554679510392,1015.4926424189329,1.7799125371167654,2.5631314199639483,55.15410589335005,477.289602758199,617.6989299915228,33.2985326599286,0.0,1.1517759538439165,5.468757782640968,0.0,18.010992809904465,12.1967704527481
2025-07-26 14:56:01.884628,21.52314999389345,58.044243056184705,1020.3934647732545,1.0879882785895723,4.908467183934451,53.061227592048766,447.1114793107576,856.1656115256371,40.061953967356395,57.43322308926451,57.553819481331615,53.67041610507856,55.88287606352361,41.24851261140627,43.08586659061432
2025-07-26 15:11:01.884628,18.86620533910741,64.26345033974775,1019.6770432469252,0.49339261953345237,4.930537689180066,60.233950772356565,368.90135963315714,618.19912803163,28.26793114669891,67.25443088622978,52.52410732980909,29.76766734329952,99.63154795515408,45.172736942482324,76.28953147805872
2025-07-26 15:26:01.884628,21.190932494386406,56.57795587776228,1021.3983298292726,0.8789281994692892,5.477073819793111,52.81134420848209,457.6648652756013,885.1929506984898,47.057961034645075,59.04598837809624,53.89482603410271,57.871139967703336,58.730233412315094,48.42916006195965,41.695761378369
2025-07-26 15:41:01.884628,21.617136135673196,59.700654776191506,1019.6958640790692,1.0262406772180495,5.57396615742911,54.16857325832076,434.5154173499747,818.6415565829071,32.397810547081434,69.01668340487377,68.46712905920097,49.30864132364874,65.6937579199663,50.087867716361586,60.87058779546527
2025-07-26 15:56:01.884628,22.401538740551743,53.006258557511686,1018.7620454110087,1.5135574222507626,6.659328649268819,52.32611376015947,521.6995479842185,917.3785224203582,42.94060846703452,68.81841134652016,67.18127657546128,77.41659842594632,40.79667067749152,62.98114729405587,54.8760444968566
2025-07-26 16:11:01.884628,21.839662569658042,58.10246270594605,1018.0389896755166,1.43503247645261,2.063317159101717,59.10606954160275,406.59486699083055,763.0246961078846,19.54008466105245,34.40965427099029,65.17809928776515,42.3969163271414,46.51154040658388,5.363931686018429,16.941804162989513
2025-07-26 16:26:01.884628,21.970967529794038,60.055213792297586,1020.4182854163876,1.0748656112325528,5.478051902027487,52.76316372721909,417.31860199225576,853.7239843331771,34.021249500254335,65.76800333670111,55.172846771318405,43.709004628123935,56.37701886938981,46.064017645259895,56.57542128930274
2025-07-26 16:41:01.884628,22.69940864849605,50.53594317460194,1018.8794993066716,1.576422946509857,5.6998168846485004,57.32097653463501,345.942653586836,752.3893559172064,17.25781112031407,66.73269893892943,65.50974451156674,48.22173703271097,47.19101748910403,75.29320308026945,59.352940337116586
2025-07-26 16:56:01.884628,22.21556610700905,48.99366792474654,1015.1952569864859,1.481207409406401,6.588747971518041,53.79096664681705,648.2765840044785,778.9177958509132,66.85526742712263,31.329803660324977,36.70504277607116,76.17341914979292,20.786281328171587,64.94214376876852,38.786151324945685
2025-07-26 17:11:01.884628,23.436684962673894,46.233675758756306,1020.1170967313243,1.623590273943665,6.262292672771991,55.446245162626575,398.90555751675595,914.327025936829,27.203772088622607,71.2347041509302,82.98919999495456,71.63469469715415,40.468413211484076,86.09038843189347,46.84411725373837
2025-07-26 17:26:01.884628,21.787986538410976,57.37808999492415,1015.5245186650778,1.0425531776800572,7.097710137304241,56.294347540671446,504.9609485102718,714.39805925302,46.43673754594057,55.3394280938242,64.0538943810202,54.10041371874957,56.97754721738293,68.49777259472965,70.34432301213928
2025-07-26 17:41:01.884628,20.73587919994136,61.74578449218734,1016.2239984425844,0.648293552325435,5.9327621745963155,52.775018260224776,720.0301030000011,869.9333861862615,87.60979105228685,23.409867970929678,59.302446362789105,76.00607484469731,56.433951031594475,22.528422324380255,24.883073481741565
2025-07-26 17:56:01.884628,20.015823796687663,64.92949408103854,1019.0592843266368,0.481067601992667,5.614569276961492,53.9022521413391,561.1885207637445,869.3449394182275,63.610205179258195,52.69916678903132,74.12423504095152,67.46668936176098,82.82618002423794,26.34740160771419,45.86379814824214
2025-07-26 18:11:01.884628,20.84494210487801,57.74067591388777,1018.864908524228,1.0728617710058976,5.87758076107636,56.92507848429993,450.4400565406142,738.7589013839843,33.008561656530745,64.62187407621539,55.690951425712754,49.47026509394565,65.72529693018376,56.011722895207974,65.9153611520072
2025-07-26 18:26:01.884628,21.329512680366104,54.74595395696553,1015.01065887587,1.1380041947048172,5.295521566346244,59.928688968501476,478.08958453538384,611.283095556439,41.5292014982605,36.01987305472168,42.49577304564148,44.54427132245554,48.37328974574926,56.57154879003152,53.070698676760045
2025-07-26 18:41:01.884628,21.531542321478188,59.12908085938022,1016.967765041529,1.178193036217871,5.745810835161401,59.47345689070306,370.06793833101125,627.3584947982661,13.184807176834793,64.54367991950177,54.45403361096185,27.938570138226286,62.15122519554858,56.45847561547595,78.00764726061274
2025-07-26 18:56:01.884628,21.385256173878428,60.897457966784366,1017.5218164178864,1.2286296017356337,2.574276030280913,59.681961160909864,453.25298215131215,765.5181220344579,30.094487723235293,31.74681922683826,73.16572748143268,47.020716220456755,57.95259053169093,2.4481987329213655,18.768538545096106
2025-07-26 19:11:01.884628,19.503297378085556,55.832000296859675,1020.6665568969228,0.3103449531797548,7.108392938487001,53.971260156992585,588.2176096359293,916.3522904446792,82.79625479199704,57.72503807979299,72.4625658940357,88.34823193614095,86.3113766132824,67.87594295147157,46.598753846401266
2025-07-26 19:26:01.884628,22.97646416393192,51.22258236838254,1012.8053799671824,1.6821685057441198,6.151127389396249,55.720116737662416,642.1037321754707,697.4954867536104,51.20217047741631,26.928541889048546,38.85867144666553,62.52989523018878,13.327231382952192,53.95147075472322,43.50784137913215
2025-07-26 19:41:01.884628,22.98183325749409,57.17798744155638,1020.5326854521338,0.9844728400726461,6.597990198439905,47.09379518110901,480.9422701593304,817.2980733545065,55.31315611297053,52.52402036269261,11.367424330536839,32.070100663465375,32.28320802374643,69.78259387778316,56.72583269401643
2025-07-26 19:56:01.884628,21.325611833596604,57.42938116538352,1019.6429039750527,0.9565902264893831,5.100839401908315,53.617863967910836,522.6440674041409,842.8324993007548,56.760818002997425,43.394708575953636,46.89517101118453,56.78209481490577,54.13364401892646,39.75906083338465,34.31206826688723
2025-07-26 20:11:01.884628,21.26744751101872,59.679284753626284,1015.9734535930821,1.07693510796557,6.4385441994382795,55.57575659375638,537.4612096830391,729.5371912786504,40.72057580814627,57.83240477874565,54.12998226508006,53.89233469454272,52.771042669761115,50.088679033076744,69.63299863401598
2025-07-26 20:26:01.884628,20.70158940396461,59.971149187051275,1021.2011382198682,0.9195946562828339,5.0273713514214515,54.19521537624992,441.3329681596059,872.0254518372735,40.01652388850006,64.9945997628427,66.29913027972083,57.12991955306973,71.01845275852635,39.648926453550544,48.29421104092761
2025-07-26 20:41:01.884628,22.1892725370287,56.9021434570568,1019.9896480384541,1.1586244863779374,7.01803845184339,51.804639729584196,456.4385122033118,911.939155541544,35.83827885809237,81.40243509537541,71.03851638485725,67.39593185015082,54.06649802630079,65.42693598871685,69.63900966543197
2025-07-26 20:56:01.884628,20.010621024096558,47.81267598747544,1016.9005662816595,1.4187266583454745,4.136839405385687,59.467283639243256,570.9633790719136,588.9304560006287,60.659678201431234,12.820716846246876,0.0,54.12110920464897,30.130579900087888,51.4994724448078,23.192485691726215
2025-07-26 21:11:01.884628,20.736587792701737,58.483153989153955,1017.3934696286578,1.461909745993451,2.033068201033809,63.18041646842223,408.68354632210446,751.8348272037475,20.82787302663819,33.94991270787599,87.62217332448621,55.67407074944041,63.50164819932381,0.0,13.948625303228551
2025-07-26 21:26:01.884628,23.3015672289339,57.097434417024715,1021.5809094162155,1.56506978212786,4.449076171578127,51.96393162719339,332.93857003649856,870.9550524920812,16.084275894451874,67.51607817564992,48.382942734476494,36.10505320059643,39.52644354115496,42.566865537664114,48.30167853676344
2025-07-26 21:41:01.884628,20.117445225676594,58.33404352351424,1020.6102907297584,0.6460998079799435,5.940971580972954,55.822958351595005,460.92478914869343,846.5871661781407,51.084913373831185,64.395756367545,74.49160750214703,66.39290469991559,83.4417750346001,54.3523292216765,51.772282015212475
2025-07-26 21:56:01.884628,21.49992997121995,53.4002146385483,1018.4210070876577,1.1489324948225481,5.969988095976473,58.380071752384886,413.0386378969307,735.8591461899767,34.29290235091529,59.06953761291097,65.81011367984902,51.43364333275549,63.310259151696556,70.29703439763884,58.08835777670285
2025-07-26 22:11:01.884628,21.21714400618339,52.78904169259485,1023.7797810247292,1.0142795317811815,5.673981009841149,56.27976821906532,270.6945013803141,900.201792625101,19.396884627615716,91.03718028939542,86.11856895320386,59.719644373806666,80.89948407706291,77.25708151658351,60.47046780488543
2025-07-26 22:26:01.884628,20.589295531469293,67.38052432155884,1018.0785943337331,0.7700375369604666,6.629310155607122,54.51048368653871,430.6875483465282,749.6550628780244,26.051008247338654,85.8652743536428,67.11408696558942,44.58638628348867,80.77778945141327,43.65144047999281,95.58232392493471
2025-07-26 22:41:01.884628,20.29160716985568,55.454502322102456,1021.6481050439074,0.445672785705457,6.547482074219029,53.94703320242963,487.8248911827203,880.2403081848768,63.36600076604269,64.30444803141654,65.50231589571963,70.91253387250927,81.1199376282674,70.14534371445,51.23389741410449
2025-07-26 22:56:01.884628,22.874462951279682,42.94972182443247,1017.6748126457525,1.6336662011679837,5.843217036485209,56.401561755449706,535.2085708667706,848.4229682974208,55.777339518199234,36.03331370511005,57.709270301281194,80.4157626661073,26.186849529136236,78.9606692268028,22.599214966614085
2025-07-26 23:11:01.884628,19.06469759733023,60.24281281195628,1017.380598168807,0.5416843485829905,4.0588356512917265,54.88237903339203,724.5090951064341,892.1092079278576,88.44158983278504,18.546282727685792,67.93474952506976,92.40860047729254,68.2871566448008,2.7156071657986227,5.329213438818169
2025-07-26 23:26:01.884628,20.83451755494298,57.41006384091682,1019.6783287966413,0.8460868198838203,5.680623609195414,52.682483822862594,551.317599198015,888.2664215921196,64.75939428633018,46.91180761555896,55.689859014668365,67.50555133914428,60.92128127648948,43.30445596482252,36.11378671466084
2025-07-26 23:41:01.884628,22.416928758777264,51.21744720754526,1020.008821066835,1.2835708691681218,7.079206710284557,53.28349937540968,456.94142262221897,929.911216841101,39.87453882418768,75.09576658450924,80.65173028234214,76.28638516360043,52.580454403179246,79.03849763544909,56.76835504502926
2025-07-26 23:56:01.884628,23.66718034794607,44.74269050541406,1013.5727582871755,2.0229353336934572,5.805299795084224,56.7937824626132,582.4623515231309,739.1081108536525,43.7819199463627,28.25115194225067,47.39610326922856,68.21077634170331,3.977925625637969,68.1477588072446,32.92270762444756
2025-07-27 00:11:01.884628,20.65481477380702,58.855979985807146,1023.9818270562859,0.9479363596137487,5.747955945816914,55.99778268074191,289.8814366219508,906.4640730689509,15.5150187273565,100.0,85.11200286860743,55.378198421580116,91.02697638133182,61.25563357002661,72.63927716002661
2025-07-27 00:26:01.884628,20.935202797437928,55.914968595845394,1018.2252354871256,1.1355320582505035,5.264447681157655,58.968548452329294,423.1572111850617,671.7899422620815,30.317640473731768,57.550251088147455,49.925227104362456,42.35134104029844,62.65779029580468,60.40644257851907,62.30132483475954
2025-07-27 00:41:01.884628,22.88457959888383,56.00151526951234,1022.357904275729,1.1895280421638448,6.5390580289415885,49.302404273192415,365.1721702065683,826.3333174499849,31.14550782621983,74.46401906020141,28.67964678105318,29.022367509497982,43.60582135528233,78.50222611854288,68.4385230804584
2025-07-27 00:56:01.884628,22.55607074211095,62.19440913785877,1017.8111805781688,1.0701599135491071,8.057482918433315,50.421902310882054,507.6019713850688,938.7022306803635,35.44693717209574,91.93892583005209,94.99933647247272,71.4777737298432,64.01914522345345,61.24318887584794,88.08391654437095
2025-07-27 01:11:01.884628,19.64704163814471,55.71284169147613,1023.9301938545827,0.6055354949847892,5.813201185062207,50.67357356990627,525.2827412496633,927.5182421133883,73.95495160494391,55.71622902536577,34.923469400586875,69.82421216880272,70.60301086994936,56.23591109456074,35.95597090738658
2025-07-27 01:26:01.884628,21.08179595470391,59.23161502904605,1014.1430936889401,1.1658661318656167,5.328045595643092,60.244468676851355,467.7306935854769,532.2482804611849,29.221313291621993,42.2597620993923,36.70256782262831,27.7372339768229,53.20735751872901,48.68117250960703,70.8022521684511
2025-07-27 01:41:01.884628,21.61976946683459,45.17880380023369,1022.0320208150195,1.602716007119913,4.422237773745681,58.050536133620234,335.31011493048373,819.8319658419289,27.358113850654288,57.74442136607982,51.05561886399952,61.084890772460696,47.41730752347509,71.3580487469599,31.19917054466
2025-07-27 01:56:01.884628,21.385708929615813,56.39058927481694,1014.0317066679193,1.0915923503255525,7.085453813377036,52.9982293810609,716.0555594028838,768.8237368489872,74.02661613661932,35.31512625107111,40.26123066348863,74.93433851941742,37.26293326737338,52.71687511015676,52.79587112510649
2025-07-27 02:11:01.884628,22.897689117934988,43.44496829794987,1017.983850701673,1.6015738548034446,5.329936892629211,60.55253774561586,375.98346514337806,726.5135222404676,29.351799427336108,44.6237925000534,62.70439127144353,56.125234504786135,38.48331959990596,85.57388015164766,35.03686048099284
2025-07-27 02:26:01.884628,21.142059817687148,59.24575206021764,1020.509475243357,1.0178370020199485,4.379404251129215,54.455970980652495,463.2164616404811,884.1020479216448,43.31225309218454,52.70068668870582,62.62251629372698,60.12321427182764,60.145756502012006,26.12821073421479,33.139702344383615
2025-07-27 02:41:01.884628,21.26021716845436,59.34127449712281,1018.4452790331397,0.7590724527272718,5.752528626741202,52.234071829640385,571.0185107313232,847.1897756179994,64.48204180326714,42.740019232888834,48.09504243757142,57.98815490874916,53.4955361446356,42.46045140242837,41.399368381257375
2025-07-27 02:56:01.884628,21.04051607321246,62.66371604806491,1012.9755241189156,1.3884974637139502,5.535760413013163,56.39415930680122,589.7353293088497,565.9411307904895,38.17236604541085,37.749106996568855,13.789984124250099,34.30621196105714,33.49111472661208,28.26010738587252,72.06782109203958
2025-07-27 03:11:01.884628,22.291331299058232,45.18378793163986,1016.4449842712586,1.7542588227223455,4.856560770292558,59.9799008701773,457.36408416933165,644.0536053255698,33.90841124003227,31.950849307893808,33.917071588224275,49.178010295954486,24.099155325153845,70.24513478865437,34.98141843014857
2025-07-27 03:26:01.884628,19.799243952686027,56.48615505315959,1018.2635166648874,1.2232880058249038,4.500970530390338,58.14383094648319,499.4505591790668,643.3555161846573,42.72493929234008,43.460061860121144,22.50536792042943,48.73729667871728,52.6653692198466,39.47596452166497,50.77056663081287
2025-07-27 03:41:01.884628,20.365519157161465,52.14891489646921,1018.4153724201923,1.1995982444369573,4.201776402850747,61.22064187401509,389.6426697267917,589.6292917479907,31.620014844184936,40.46253967080809,28.64620427756871,36.6926456419382,55.48337704646704,58.28241683464436,46.34396149204926
2025-07-27 03:56:01.884628,22.41935772434605,57.07434090914132,1019.7501329137739,1.5113640846487284,3.1807363115308154,54.65056659028658,442.0631850465934,796.9799442263648,27.982758837251176,38.946942852123776,41.42822605321729,37.715931654814284,34.38432596599878,20.74611418431011,22.829587098213956
2025-07-27 04:11:01.884628,21.07207206302681,62.100601249243965,1015.4720018222484,1.1525819609464694,6.2401366129787394,55.86256763883713,520.1357345698736,687.8024594792151,37.62665158496479,57.96556594271786,53.16506282685788,49.40814906993067,56.338095056014495,43.70990380274037,74.99146170946511
2025-07-27 04:26:01.884628,24.70357731060838,58.824662873056106,1018.9901156640418,1.443271381555182,6.156217576901017,49.449812423286346,366.82494328257803,744.8200035469697,19.45032839482728,62.749955015689764,17.963508262068157,6.330916239201442,21.253535464025646,67.82519142022261,72.83753050325062
2025-07-27 04:41:01.884628,22.57413749358179,59.18070910600247,1018.9053237218255,1.0721968735211431,5.877662607268842,51.175549598465324,497.895210153843,794.3658166304754,44.31689810754024,51.21531030978329,36.03233267200375,34.929858503125786,41.395698199827955,54.29959647926484,54.19471647150068
2025-07-27 04:56:01.884628,21.510199695435105,51.28916183254974,1018.0906321950365,1.1804038480322816,6.107720280942747,56.88248454130467,486.14516918929235,762.0661988231344,47.65610550693368,50.67534479361603,54.48650530773591,62.036526864402774,50.355247356759016,71.25059743875146,49.86141731299253
2025-07-27 05:11:01.884628,20.69229503120575,61.13993283722876,1013.6803463148302,1.053748909870989,6.282230496085335,56.207615507927365,632.1045808163196,628.0846706438352,54.312612652441395,37.029578602077166,32.8526281566639,50.92025648628527,45.859843112417785,37.92130562005883,64.04010739187034
2025-07-27 05:26:01.884628,22.259966741177507,58.745172036252654,1019.2988043064234,0.8583662410874678,5.978775295760405,51.36323372028253,481.63755081364894,796.7712101163238,48.36538168022818,52.152334622310235,37.25241302772184,38.305163696749645,47.109210979993144,56.11917758310794,54.10262047259806
2025-07-27 05:41:01.884628,22.40406745998203,58.10240926388344,1017.0109810257427,1.1998996997925546,6.872459717360729,53.34917208014032,512.9684944112914,840.990113665055,38.29969292950955,70.03288684055077,71.9414754427005,63.6468052178203,49.65108812799499,58.855350686566766,70.98660085668001
2025-07-27 05:56:01.884628,21.79910603216797,51.588274529253745,1018.0337996899356,1.3559227288124738,5.799831617741982,55.88504604400673,481.4811130808639,762.2187754012828,41.54204462556545,51.89092245768616,48.44949096140911,59.325329843800176,41.96100853366065,65.26031938679415,49.95251307981278
2025-07-27 06:11:01.884628,21.70931767011468,49.58475449392897,1016.7090452856796,1.3800940277291942,5.955639057091647,57.16026292855853,540.2464309799541,742.6462815264688,51.07083212062091,40.18431146519346,48.22588997913358,64.69831174343071,38.573176208301675,68.75077391767562,42.61387738278227
2025-07-27 06:26:01.884628,21.590827621584932,55.1057615093987,1019.7426195229909,0.997592094630246,5.17950352975259,52.476349457866135,524.9690339117532,821.826626459833,63.19406247096179,31.33388476463521,26.9506856992918,50.904784154631514,39.82366831023821,42.828672041466156,24.724501539854998
2025-07-27 06:41:01.884628,22.802274695908537,44.94093833250748,1021.373273558012,1.2707585770019736,6.807664941432111,54.394473625697955,422.00285837055037,1005.0827799743153,43.544836994941996,73.48779102591588,100.0,86.70435487656994,57.65901829335066,93.85492651934709,40.22330431989914
2025-07-27 06:56:01.884628,18.83155322586457,58.03436460579515,1022.781054351326,0.25366336716749555,7.093080785640784,52.93675035676129,530.2712189559187,981.3518727136761,74.02436391276198,76.8113864879319,82.68870973465489,93.17159376440735,100.0,64.0925359672684,54.06228502933447
2025-07-27 07:11:01.884628,23.402896821469145,57.93575250366602,1016.6013058606077,1.2457477321238728,6.1015028421394835,53.71834073785941,460.1446247007775,753.7480708052884,36.39026360590722,48.1575266157008,49.478700982770036,33.49008792232297,38.5008632787977,58.632051041473346,57.07622733224487
2025-07-27 07:26:01.884628,21.243291588842055,60.12165762168973,1019.9471585395105,0.9042676938600834,5.224638139447243,55.9845800946382,396.94905427314717,801.4256532114641,31.39701056505462,66.09901039700158,70.2173904802112,48.430379423590374,71.00741728944755,45.356203708470346,56.76573363590571
2025-07-27 07:41:01.884628,21.882024681789954,59.00128621230051,1021.8034233414756,0.6335606253058065,7.61794370529784,48.352300655082736,464.24364166645194,894.1181355559145,53.70520544738252,78.03037502540646,42.78159411696667,49.08198625463247,61.30533504454081,78.35003269231336,74.32480846099607
2025-07-27 07:56:01.884628,19.75825736956545,66.80989103519263,1017.4188999698317,0.6960860476151313,5.360342440942749,60.05336753835806,380.3299961343213,606.4510696331492,20.525548357064082,70.13178898536528,58.80836702622935,28.151856983640698,88.03435595185493,40.17007677455848,86.95219961393406
2025-07-27 08:11:01.884628,23.135026362549414,54.64417847547515,1018.0153939668892,1.4844839946415713,7.195912679121018,50.01154867636588,583.7393428317896,982.4700274997855,45.26917881000988,74.65857987513694,75.51053066252531,85.74907545285187,35.4187122168835,61.39098953415206,60.41799123110224
2025-07-27 08:26:01.884628,20.297905909906742,55.49597166175982,1016.6014378287853,1.2752294941736169,4.369850945799189,61.21605651365552,431.68151634377114,560.7872622763443,29.87747750322378,39.55974795561793,31.561548715720132,34.69080891854558,55.64083868819477,45.994734918716155,53.863834310742945
2025-07-27 08:41:01.884628,21.957665023968538,59.1355004853568,1017.0888434488004,1.1833998747725307,3.599551492941082,55.77762397415819,520.1915620896629,753.8194505897349,46.935424349445896,23.385872398814094,43.41171351305276,39.944767781974846,41.303293056901616,19.00516156045986,22.81270143647998
2025-07-27 08:56:01.884628,20.93383724601831,49.93668557879881,1017.1502219125423,1.29719450372323,4.699823892524032,59.2863581960304,466.6952427764953,600.8653635744984,41.77441000204923,31.518533267890987,25.8530032010689,43.59757915535554,44.137431148038694,61.89010574536873,40.900775077523136
2025-07-27 09:11:01.884628,18.769374989684962,58.336375960925366,1022.8868552988494,0.5366512288203428,4.797612049688328,54.53130619712559,515.7355049325068,916.7389080804207,67.67233645955419,53.17871595481209,61.81142416167796,77.72389429018713,86.0974591165307,33.073315175091246,28.438011779259746
2025-07-27 09:26:01.884628,22.46358949612449,49.20306951170833,1017.9190965341024,1.460153356865307,5.85892493798158,57.1554067591275,430.0317196645528,747.0753749368251,33.34519836547169,53.488800996806376,56.503659332473944,54.58089610076594,41.64093998233897,77.16770563973185,50.97799818439157
2025-07-27 09:41:01.884628,24.443001516140153,40.88424070480954,1020.9619749732303,1.8872476631403146,6.240589969954807,56.33308867410885,327.84449254410265,946.6705672844146,21.626510776407372,71.99127108066949,86.94577463366988,73.23147171331772,33.41388460767935,100.0,38.054127637567916
2025-07-27 09:56:01.884628,23.32794050410302,52.986876574409656,1013.9441223035817,1.790165734845011,5.664807082301151,58.72622048942719,482.4991156141159,614.5295313504389,24.66593247543934,40.88995349814709,42.401478389836164,38.26143547709643,25.71246013053089,60.89266839683097,59.56588741228275
2025-07-27 10:11:01.884628,23.498716103704783,58.940976345307774,1017.0485888189545,1.1202548086263933,6.948160165679258,48.923329441675854,556.2691756399175,792.8311564429778,57.8684415212114,42.0507096885187,27.901949883981388,35.559821357064216,26.877165161447248,60.23812234203788,55.71330540291758
2025-07-27 10:26:01.884628,21.525272657367676,59.98008947527745,1017.9506120371705,1.0215545398086197,5.118715988562132,55.743891672922175,483.51490640610643,810.1392425909763,41.46884961668958,51.38715456463466,67.576168817948,52.69572603089942,59.98166961692185,36.614412082459914,46.797672401560675
2025-07-27 10:41:01.884628,20.59342033852156,57.108184697333215,1020.4385583275474,0.920939604025392,5.992762764441274,57.08266494235753,399.3595933887521,799.9442457681314,35.793760043106026,72.0931128419181,68.30615971952544,56.89475834082326,78.04873051231654,61.84825001976281,63.621197930790764
2025-07-27 10:56:01.884628,20.602694612025292,64.53130029526373,1009.917376456954,1.0160220628531171,6.894812500826059,54.07995903457645,818.7436723796217,584.1300378448151,75.71469931812639,20.371154645691856,12.02743770546946,53.451185899772945,32.517978063776056,28.2448274746686,69.91886008920395
2025-07-27 11:11:01.884628,20.896089975390165,59.08165303455207,1020.1741400390449,0.7006314951828883,5.920689758882371,53.28963183369673,531.7997646434242,888.3853439041632,59.48293773951235,56.25515390055862,64.36955297755961,66.16037287895817,69.36426445612341,46.303416978037085,45.66510368939321
2025-07-27 11:26:01.884628,20.5773586020705,57.11391823231654,1022.2351225676949,1.0231780096335152,4.661591981644161,56.37538805722089,349.67262923653357,885.6787003048833,25.64553549131438,77.87535099406941,83.8626929287385,63.296591025677195,79.63612066961979,47.06598030887768,50.36273466692155
2025-07-27 11:41:01.884628,22.928844448859113,59.04639209757629,1017.4943655231258,1.0350441367892211,6.931896778113572,52.87966168551653,453.62694138611175,782.3871035612748,37.85100596368192,63.47999531257028,57.66054279529893,39.787804069782226,50.14874208363007,67.94191913987625,71.51411436237592
2025-07-27 11:56:01.884628,23.66015633634975,51.82169183879644,1014.3860448952217,1.6780824297278152,6.98744774626949,53.20951371534992,605.57906937889,815.9449808271366,44.106469489360364,50.361588096879395,57.39035582700818,70.37788919857871,17.887216996170018,64.30558785240463,56.31348632486591
2025-07-27 12:11:01.884628,23.19704946426285,59.195074272468446,1018.483602888638,1.7243180297295568,2.8905366722468155,53.93518750391438,415.7248884876818,810.4336537913204,21.88715553552724,36.066051928678235,43.9048662678343,33.50311213529605,24.97343207837678,10.01293887784323,21.984460943364112
2025-07-27 12:26:01.884628,22.242357830631786,58.78028786612202,1015.7792768484137,1.3290401616498524,3.1119029253218056,55.76397557268694,548.5889113910566,738.6045029534376,48.0162214922529,10.53942302551037,37.268636648894535,38.65173354773713,27.468219210659804,8.342167927509214,10.631734145024895
2025-07-27 12:41:01.884628,22.192380449066395,61.987841291917434,1015.6964143293461,1.150947169628077,3.9134460916147353,54.33863795112279,555.7020910721623,763.3010107326614,48.649753081312284,22.72153078396279,49.0905371607505,43.32819919581957,37.40802461121444,10.1255531938661,25.018062092327458
2025-07-27 12:56:01.884628,20.87498511920665,56.22884104642635,1015.4692839727023,0.978791267350907,6.2189044776084526,58.708354339999445,546.776103151426,654.4016121152418,52.26624711905199,39.8418524839381,46.60746955720067,52.370196563450655,56.147369039046346,57.98944661048952,56.674993691196065
2025-07-27 13:11:01.884628,21.94445726059475,57.05539154608317,1016.6155933320066,1.1814497805656106,6.376041516603863,56.805329127963034,448.68937352424047,735.7086757578793,29.077113476980404,65.73803252854324,69.79468797158307,49.95792599508085,57.27199668556984,63.96077069079759,72.191829819615
2025-07-27 13:26:01.884628,20.352474697316495,53.47506832449752,1019.777027715051,1.1525933883831665,4.798213814963199,60.060012771724104,388.5195670159088,689.673387961725,32.384509384347446,54.651606790361654,49.26967271879428,46.186164909077704,66.59280554639325,61.07389476212695,51.93178764278744
2025-07-27 13:41:01.884628,21.223013369313893,59.72485584895679,1013.9120476122109,1.1044378547588574,5.898490892915042,58.454238180350885,561.0809641884157,588.7597242643827,46.1919043085907,36.0934433754838,30.723806296029977,41.05898493584193,45.81843002888628,44.209446080385575,64.13518115278231
2025-07-27 13:56:01.884628,21.655467409888224,43.1969777331563,1018.0408135949024,1.551516913233067,4.857210989356345,59.026704197997574,502.5395661384446,728.1692999904598,49.62491643347915,28.412267479061555,38.493208010632294,65.40386223995543,30.838218473554374,70.70830020448153,21.30723682382765
2025-07-27 14:11:01.884628,20.124003574391004,58.43970507736677,1018.3497340439318,0.9132895669268277,5.479185340256002,58.96666562812996,455.1701954829004,662.194831976255,38.06164775904649,56.96896746639393,43.76777130540018,43.99094933500474,69.92078837818606,52.38796009712219,64.99447493472475
2025-07-27 14:26:01.884628,19.288143167204055,57.48749963102193,1019.7199640052146,0.7907572280366038,3.399978632457555,55.23013298009854,625.8280174266698,867.6637977094387,77.9919403353947,19.931917381830605,50.035186886969264,78.40150160567657,64.18024912603765,8.301136054528541,0.0
2025-07-27 14:41:01.884628,21.33735536441631,46.621613000430976,1013.491915411327,1.4349189406937393,4.9084825048250496,60.883561381516486,643.8594040667537,574.0640708609894,65.55662276223178,2.6959564592308682,15.461358627006502,57.820210955440444,21.971533725807284,58.1394705464149,22.81598915011602
2025-07-27 14:56:01.884628,21.585319955110226,56.258923265681794,1017.1715528333542,1.0309887459664513,6.706226320608357,54.75096219477162,516.7789506752337,791.3543476207118,46.0386337529963,59.78849357779893,67.14930809607392,63.9877917630155,57.38251065706071,61.33501956144427,61.41280907822305
2025-07-27 15:11:01.884628,21.2771475128033,62.97107809902893,1016.4216645925201,0.8117034047113464,4.384768997412899,54.88256629286156,583.6550938307932,786.7540044482563,59.077574933391574,27.237535157248686,56.328880154077424,54.21864430546726,54.146863323738735,11.94320129260641,28.323548195040722
2025-07-27 15:26:01.884628,22.592474777616644,57.68245367825433,1020.4559291092634,1.381913229276914,4.503494428757228,52.790207811622594,382.71604630011,770.5159016259328,27.803000891882572,51.2926886794415,26.287602064438932,23.765151030627248,36.29110473019542,46.106381349965176,46.276528878725706
2025-07-27 15:41:01.884628,21.48174324007249,52.30426307560238,1018.8379579263327,1.3118091982893656,5.376816864873621,55.7348704502981,469.5178326375102,771.3328371176585,40.635126259145416,52.73108933590854,43.27757552008375,59.54519750248727,45.21221914329661,58.27196110060777,47.9967356030069
2025-07-27 15:56:01.884628,19.8910878601981,47.28649364053361,1020.5739378525611,1.0458878732761017,4.613417756911326,58.139535295432935,479.6549196251686,783.1873025866198,56.50024442717163,39.951178053766526,44.10085503053131,72.74742759135087,57.331171578842124,61.575314092952524,23.42001137519243
2025-07-27 16:11:01.884628,22.338323456984813,42.60483074446822,1018.9479268578854,1.6973581295239204,3.944279653072113,64.51953758482209,290.4480747409051,637.777104529481,13.555754278961865,42.215527234502865,56.75525326200342,39.65867082831439,45.05302222689396,82.69170775000163,31.499525150667523
2025-07-27 16:26:01.884628,20.400713942063792,57.92510248196357,1019.1853454695076,0.4410454957709888,6.927341593490949,53.58069783028605,549.2280467261398,832.3535394124224,68.8391306436658,55.759424637114016,65.00987640956387,67.56948185872858,77.92823984860718,65.55513530691381,55.109337741798015
2025-07-27 16:41:01.884628,19.52357020930539,55.50995391470325,1024.5968524264858,0.6930071254566778,4.8039982793567315,52.94942483670854,448.4863594700041,959.6479723611948,53.79556651849677,70.79250125784475,63.25251049661064,77.4035860672031,81.25203674694927,47.03078573600622,37.14030745193162
2025-07-27 16:56:01.884628,21.832864505833673,52.727127507903184,1018.7059134630063,1.2738003708984653,6.581089718240652,52.776427156347445,549.0325247523485,880.5712281449659,50.94993820759003,60.01463826303173,53.644880880221514,76.35346642314019,41.21987144595248,61.34550038918507,50.73112238143715
2025-07-27 17:11:01.884628,23.330612478384,59.67747141730124,1019.5090482506521,1.0978252631900485,6.057955579003801,51.742277944344856,388.8621943201112,772.9774517228786,27.943347274976162,62.43229858522048,35.53722544946819,20.867676329830502,39.94310646632918,61.97445193614839,66.6178311153076
2025-07-27 17:26:01.884628,21.97056854438508,56.639685798013346,1018.7811938501121,1.226843273146681,5.777678264408176,54.50257389147279,504.8272890428418,843.5770218697867,47.65946278021857,50.85626744652964,62.35261935261257,57.536325510255224,53.12139008312139,49.14514977661693,42.60817520871608
2025-07-27 17:41:01.884628,20.43030542807585,57.350836067379596,1019.2828143685286,0.8195144497868863,4.721316219675115,54.66536848348087,570.5088500567373,851.5202706940044,69.29743830117263,34.911636446417006,53.880135879082204,70.61468779757695,61.86104056217735,31.235941195259443,23.650613041486697
