timestamp,temperature,humidity,pressure,vibration,flow_rate,sound_level,light_level,co2_level,door_sensor,wifi_connections,equipment_temp,steam_pressure,water_flow,power_consumption,customer_count,ambient_noise,air_quality,motion_detector,refrigeration_temp,grinder_vibration
2025-07-25 16:00:06.976472,20.399614383946044,58.45720355326963,1022.7558251948758,0.47015965263378845,6.79626132915739,60.82467992715172,598.4454660721746,804.547430142973,45.59049972081137,78.12629596491082,48.72851244469048,71.55864097512202,62.25139558586068,50.602567905985566,70.49798743239322,93.5666759028997,71.72734666816474,61.84143289117219,27.38199994070308,49.955356975872455
2025-07-25 16:15:06.976472,20.67780773700738,48.554431888017355,1020.2846824296158,1.343954847789073,5.6102972136981855,61.165513348783065,466.2832080175586,748.26453898698,41.33146058137443,48.92902594646438,39.4665834124432,50.95701668164949,66.87196534189252,55.60206621575017,61.89727054025478,56.35698215278906,61.68021079199961,41.85885736441734,30.067203695020478,55.9460640220021
2025-07-25 16:30:06.976472,22.719578563383553,54.87329104098475,1014.9787210948379,1.1667657753415972,5.755490205281731,58.904725694076284,518.7402396894688,602.8934090603228,80.31004475108206,55.28917545704003,81.26152694169707,17.65821807535983,36.699838757101666,39.96900309506254,53.72432513905543,55.03180810791552,50.93283889301963,53.23320307846252,58.73172474297914,59.192957214340026
2025-07-25 16:45:06.976472,23.100078267545577,53.46507505210745,1015.056327115004,1.2144159870260027,7.167190533571651,55.84880604798089,550.6594240340595,997.3576128033997,40.25988717522375,31.875331713785783,45.65935691530898,55.42831503005098,42.164939777978866,13.292173180836231,61.76537936556069,63.601554125218705,43.56098785601462,51.13758698390723,45.85081737170012,66.86141188216772
2025-07-25 17:00:06.976472,23.033037001982958,49.24711655296516,1017.9302049759619,1.100595647634499,5.885344714968194,60.43088035191755,646.771009288149,665.0559605117144,37.617485180975656,48.88678336175685,74.74196800850854,38.17092441073749,41.551769248850654,59.809407502619,51.05371953577718,36.96173774602293,48.839272883078436,33.1941076224977,43.1463330486461,33.35502334929846
2025-07-25 17:15:06.976472,20.86232731363251,49.36949217103925,1014.6636907888147,0.5316367252843377,6.180042790958138,56.49986354117285,460.48023315071526,725.0708074001919,41.20699891192631,74.7812532158289,45.271483518947484,41.472950988211075,47.17800780680646,46.703669991419716,42.623744372316054,62.77860061885091,44.32175502421967,70.66085962291139,63.43948114286597,45.83114846153202
2025-07-25 17:30:06.976472,24.228237066682713,59.29989907773029,1013.6666732931318,0.33558756120528704,4.528289488715271,54.594090569967925,546.9025494241004,700.2128971994841,75.88053082104472,52.45002134888937,20.84367769620895,50.96769779026703,32.77261549798246,76.06971819134428,54.930943845457136,67.50449540226448,98.1497126448903,31.2975308458349,77.0576793794082,40.454850032052185
2025-07-25 17:45:06.976472,22.439580229328463,46.15074863728399,1018.7136055587182,1.2301692880001867,5.35602811517331,58.15122676058041,467.82857620962193,695.8851865833997,83.8075565860548,40.514400673171146,46.971019242624685,56.331140945780774,43.83249402150694,17.51447799845204,53.28271668218686,52.26777428402944,56.416773292527246,38.75453052371737,42.06157955801083,46.96616852766675
2025-07-25 18:00:06.976472,22.356979050332548,50.10578628028339,1017.2699716418551,0.2949125023272161,5.38057304453738,54.14404376169573,603.7844172101762,762.2333815621155,56.84336312654712,76.44766888154797,54.261705541325746,51.45064585832975,39.790793609007736,64.3089447239522,67.97530595563268,79.32168760904614,84.78531756137866,46.07293700606965,50.68369976501204,54.664578880263825
2025-07-25 18:15:06.976472,20.180104239753554,51.80683028208021,1024.2304175285474,1.0082890358083318,6.477781861226496,55.813439490807916,356.5434446027875,635.5120385036229,76.38319816865359,74.11386674466347,27.10779434916551,60.97949574766399,51.10160530913359,91.54092267685816,35.44451375232055,85.38373744289413,57.542595051665,29.20625604983062,29.958548209305384,35.31878642950503
2025-07-25 18:30:06.976472,21.56265322453479,51.85749694557909,1018.2508515433636,0.9418649992113985,6.041123840096891,47.85631762516049,470.85458323330414,561.2085015221841,36.96536294808085,52.89651208895866,74.34859272678216,52.49662404049328,43.75905135218008,48.424236570314825,48.62564202680806,38.58523419103356,82.28900241994552,37.708959389439265,33.67837566062866,63.21989178543003
2025-07-25 18:45:06.976472,20.99661878662682,51.691290687457716,1016.6358445051148,0.7773034562945353,4.68972891123637,50.67772384405456,653.8911484674063,708.1764907792666,68.27057919773036,97.5434640854531,65.87131529656429,0.0,54.828918115268245,12.154214369805752,88.84235708947291,42.22472324713976,51.88200490077654,63.964653042668864,54.96389039791979,43.43032682912041
2025-07-25 19:00:06.976472,22.44508338180448,55.27993306916417,1011.3191884468214,0.8029657340164498,5.2983026818305206,53.6408525580832,582.974892762948,736.6414915670629,77.59236822944493,61.44064000457734,74.36052808454298,40.88373539976801,35.712246073941536,51.45886474813731,69.13381268184017,57.63737974859925,67.79425467172095,55.01209929113613,34.52310850834465,67.92216201738033
2025-07-25 19:15:06.976472,21.049673882109957,61.92008502648854,1010.5491883444906,0.9997616637548156,7.153538278928138,59.19082878302015,398.29861104378006,598.15456725004,11.218704154019973,59.83243760497433,29.17984183011147,61.277242005692166,53.23503491938924,4.2826022827731345,61.15503106952327,40.374608041572486,68.61904671395419,64.29509752415518,41.83366322741631,63.61922529814339
2025-07-25 19:30:06.976472,23.351308825949094,65.02364487966135,1015.556157288976,1.2157993463340653,5.64466447698133,50.273278835599555,535.3932592481991,689.6357403977677,78.40378339602036,38.834644965787376,28.71676734180874,78.74314141430881,38.734813750019164,57.96768156057277,28.904905060052187,76.32170788303836,100.0,25.91625371490277,16.43557592485051,68.9319834638986
2025-07-25 19:45:06.976472,22.594597342872188,53.027977903853916,1017.0441377398798,1.0728977115803962,5.908498330626104,48.054258494146744,425.4776370580193,662.1425717361956,23.08495867751317,47.59715712127604,58.844179913058646,51.037975301796145,37.57985757572586,100.0,48.84946110739473,58.14942438081141,66.49730285209806,80.80960473488341,31.661886505541354,46.68082796390489
2025-07-25 20:00:06.976472,23.34775941669997,46.386672497391466,1012.8447451748178,1.168562637793154,4.0471248341418695,53.098110372654354,571.5174503831354,693.1098732172036,68.41871946417754,68.48523524596966,68.88273582213287,6.5324038388533,61.86608316495552,21.821466928141053,60.21752869700874,56.85634856859546,41.95412840770186,56.08751328214095,58.80899791421377,67.74485005258877
2025-07-25 20:15:06.976472,21.233305750584854,57.82247741589011,1016.2429729239924,1.0456503873036294,4.875859410843325,53.7087881826354,637.5574926742852,594.9805586042793,50.80835068358639,98.67840551259,67.9739498755922,14.702387653917654,53.45135025559345,15.014399738833104,87.21795511068731,54.24003816438609,48.90940964845579,25.06971024991206,34.21705724482557,43.529486908950624
2025-07-25 20:30:06.976472,24.803549028854878,49.094411872091136,1016.8427522281297,0.7770915936165169,4.670997638554213,53.349278949274506,603.1985582444769,731.1147865630563,11.788068427976427,57.90155515627462,51.1620469409972,30.777679822930036,27.29163084800044,50.28140188746886,46.48874838752443,62.27077235252032,55.985872126441706,62.60013610317454,65.14199975272746,56.74650113743807
2025-07-25 20:45:06.976472,24.274665000784534,56.95184833495253,1017.0763510789168,1.8440870502300286,4.464636599862528,54.66029797590185,340.1663727504206,782.1256106276611,62.01451841047335,9.392697493153088,7.343473839726459,80.5968227316685,46.088482876190405,82.81905918891022,68.42982827279725,75.63585349841595,44.89935578483973,55.921079445375874,16.480845245060795,26.570678197685222
2025-07-25 21:00:06.976472,22.606208987611527,61.087262929191176,1019.0490058379064,1.6788508673386073,6.927324060833461,50.06075386195776,400.589388569775,651.0808727081538,66.06225016617509,42.276810187303354,18.426213527605267,56.537828268216536,69.22164625338453,51.956714917846945,60.96376872064443,63.45981345786009,55.017097726133635,100.0,25.14307957935201,64.08473517274693
2025-07-25 21:15:06.976472,26.385415219989802,48.42265381088931,1014.6304510285963,1.2075732756593938,6.731065105379603,56.646867096345474,465.313866674261,676.104743914012,74.3435321954945,18.777695185967694,65.18731769470061,38.78093635668669,18.3520151354804,62.451270590549136,30.337571473501264,64.86405911798207,79.43841199608312,22.100153908239527,62.119507833023015,86.07896752529372
2025-07-25 21:30:06.976472,25.262289848276183,53.83176803582096,1020.9991506160355,0.947988549642338,7.084665956932058,54.017040166609405,517.0409086752856,591.421179997693,57.42627060006373,30.41323276264476,74.12493842194621,68.47964267110544,87.28094076142129,67.58171431102662,47.323866314589964,50.36404868321881,62.82041316221798,50.014245398253735,39.883537373460975,60.36690067865113
2025-07-25 21:45:06.976472,24.169157002334842,54.423925558042406,1015.6238759246004,1.5861952987601158,6.566374050874643,63.29163002696501,568.2500095183813,657.2498825486358,43.979243944861466,48.23677244053282,45.44171906855451,31.57410849422443,51.165502107765434,0.8505079312280929,40.893468277540556,57.41164647410706,63.03064479737027,11.812421069540727,36.67985551599403,29.9720488642232
2025-07-25 22:00:06.976472,23.066157077309168,51.97705952132392,1017.7810966625597,0.8852939291964975,4.147939452013237,55.16873968873771,386.0416993613967,545.3426076717672,72.93175217453907,57.293704298970425,64.21827437082702,51.626744703206995,36.66630870386487,59.19189792817166,29.219611742968905,66.98644253585218,48.9050090353307,36.991367794170245,47.830503857418236,45.2241469776206
2025-07-25 22:15:06.976472,27.497209448197246,54.30109728681214,1018.7416583349587,0.9181433255442193,7.148724411270683,60.80339285487027,488.42345613522855,573.1701880199809,74.7260746305864,16.04975570540652,60.740675982784374,55.921032197607154,50.367298579195705,74.68768152858024,34.59207067409289,40.98017689870249,73.17143573964476,37.713586012801194,67.02578883157682,57.19904355873543
2025-07-25 22:30:06.976472,24.05700576626444,49.30242130417687,1016.6230609658929,1.2560334446096695,5.167997177234992,49.72176406486631,479.8323503785148,620.2526043468947,51.621344305079056,51.98443132628633,74.00248646022204,41.84672908417323,73.11812195476112,49.585356893980794,70.37278124478165,51.91434003611335,52.956237209256074,40.32003592738281,34.89466600463494,77.28958381563486
2025-07-25 22:45:06.976472,24.871045658240085,45.16875559477697,1019.973910944098,1.412862062197217,4.604691321266153,59.88050381647092,482.0768440370076,743.9762097438607,53.31242544537752,38.55014464969806,10.374419761138949,61.30605934351645,51.600883811703625,12.999412815610913,48.637518011028824,57.99520773435513,64.30574955202559,66.43135232561505,45.102779871734796,65.6831428603806
2025-07-25 23:00:06.976472,23.084975047319922,44.4578805578952,1016.4868723431194,1.0226975585994447,7.117180466401863,51.887039012864676,555.9687329648774,774.7391208153632,95.75982522495278,68.94175364688932,67.66880537028676,49.20604005523679,50.24163771368092,51.56825903008,39.1734963701379,68.91173415120736,76.61389155716836,25.77016984848795,29.781792932709152,36.67072775424446
2025-07-25 23:15:06.976472,25.391096686448545,49.61552743365041,1018.2040169940528,2.55557769264665,6.529414583418737,53.31107139736604,470.5535014811352,619.167536183655,26.69730007357441,40.98252908904353,38.043961101641194,39.684199935089204,84.75391550558611,24.98598267402509,21.80096005684518,87.84299933790399,42.648712937911085,55.492433939739584,26.330038053367772,48.395646237081955
2025-07-25 23:30:06.976472,24.684709363332587,58.9457391568805,1014.1178037732543,1.4999287303747857,7.033162549791811,59.96950404008612,535.3397376028339,538.6197682379443,71.16070108642828,59.06550843158883,74.07974460491405,44.91655092322883,43.972252144213556,50.33886955359313,75.7945075819022,47.95253123427445,60.10628180155432,35.21729519251433,25.347888111057866,53.86302972453496
2025-07-25 23:45:06.976472,24.718715983370537,62.78523341553157,1017.0880554488716,1.7894829582008531,6.415968038166295,57.12988645804191,355.87186813734485,699.0776131081626,54.959465612341404,38.046484636621344,23.13349892503379,74.51943238569983,55.51119429407916,71.52321080214594,45.84046811223066,73.31444118613224,56.86935403303697,22.934178897062313,31.904911306277434,36.84631127122901
2025-07-26 00:00:06.976472,25.17707181486113,50.8044586868903,1016.0848820855462,1.056506153667967,6.730219271234578,49.88306126598793,711.812785611799,725.4390388585443,9.704529499594635,89.8044781348726,81.29426701276051,10.187174219803238,59.26796889961988,33.19987201373595,60.95045082632004,59.072356044987416,58.08562929562079,34.192001142932796,51.761669453371674,63.43002693280824
2025-07-26 00:15:06.976472,28.02592075197049,48.50249334694604,1016.0997111567608,1.4294517503541586,5.38902349217224,58.523681364229766,547.1316091785714,620.5097057724689,54.60980685520204,43.6750500527338,89.91959886967783,12.244821029109428,22.391407574937595,40.05539774814313,38.64851098701741,38.776132712789845,44.854267504410494,35.07637158889383,73.45064292062555,37.596040741357115
2025-07-26 00:30:06.976472,24.934744426881092,60.67398994380131,1020.1357288316761,1.6573793074490282,7.972150571574963,53.581022409402756,596.7640157793016,641.6212079890255,72.96386360520027,77.00080869273759,68.48200921623881,5.880490765511926,45.81563635398596,22.46439681640381,81.06555727338296,40.11256581624186,53.15822233216445,60.809437947159,50.16611540462323,68.00717148846209
2025-07-26 00:45:06.976472,24.168087630474247,49.96602626147924,1015.9725010461576,1.0120728774478935,5.4280240949774825,52.50105305335917,480.3246408050732,600.445044485345,86.97597584589617,76.5072197099012,39.125433156350695,40.67491959813314,28.533067475012825,63.20518481086359,30.78284479329604,53.74240635980293,77.34664293892621,15.833930591771923,60.91115121497119,64.8526726189672
2025-07-26 01:00:06.976472,28.83718972980406,43.21387659842696,1016.864395380652,0.5761079239557096,4.33866861152788,54.96086459337367,651.1586392255964,762.1510353209891,71.4573762526917,45.113831281794006,48.875991171934444,36.94953900220124,49.90058380877722,74.63715745847512,20.974430712219945,58.42267085255802,74.20554381840593,27.573263882049602,85.259356283116,26.328311152899285
2025-07-26 01:15:06.976472,28.354498598188055,42.47215631157554,1018.5670456599346,0.9807222875870241,6.979635265987052,53.524391149999474,465.04534132759267,672.4866403692419,45.45538086161866,35.30023870556862,41.18166679979244,22.14291277604852,65.27150588417996,38.61272290946317,41.02122806384312,61.63530594520474,83.08223183514363,41.24707293338891,88.98677857481938,79.7724584150197
2025-07-26 01:30:06.976472,25.841503487327955,46.57774060506057,1021.4164378031919,0.9410636268306977,3.1720395109183044,53.69324307100526,633.8621813988062,636.4537485529656,40.09781166084455,61.3085430835559,58.81933633910867,39.67995232413155,59.53323111106998,53.90236126531808,51.481702676070704,53.5580884101167,53.88104849289784,39.49732855279655,47.734440398187616,37.67904925530692
2025-07-26 01:45:06.976472,27.084507140130274,57.187962473449836,1019.9488455354946,1.0064146904979532,5.359242017344474,59.31891192082525,566.348527404857,691.5098779430367,78.7790612731873,39.387132668997104,43.07047813871904,36.72669357430986,61.404707328168925,0.0,59.71403283914031,26.430679497182076,48.95761079640812,47.95443041411177,79.44434327998344,83.04910578287955
2025-07-26 02:00:06.976472,25.42830693387795,56.66862878157763,1014.2024760580323,2.012797305214146,6.709905292264914,54.55179624860011,362.2837016684712,819.671785572368,78.33581641448345,0.0,14.654986526722247,100.0,73.09031391817862,63.21197069594846,52.85583948825091,88.48156476994876,60.31626363907227,44.580067545110715,0.0,49.552297066893196
2025-07-26 02:15:06.976472,23.266511517486425,48.246889413880666,1019.1518788693237,0.5394351740475628,5.923788662041306,63.88850560696969,637.1408431319194,603.2982391934532,96.8847205960194,87.6812816080266,58.49835889490449,49.52254874283599,81.22764988793602,53.45984273563127,83.62309587479871,59.676287158388455,56.8065864368525,35.87140436833182,35.4916224677644,38.23280116771633
2025-07-26 02:30:06.976472,22.874585231731285,46.77507291713542,1017.8077912591515,0.641527273627674,4.783893826013326,49.66901090018212,696.8067057777813,649.4428894032225,48.09292787452727,89.65368900755747,73.23589977302663,19.121923999112216,57.16693908958925,37.31387032042001,85.59276169911688,31.83252012131125,51.706386181405264,77.01589199854827,52.0457301547836,58.518351508385614
2025-07-26 02:45:06.976472,22.13709921357186,49.23166135262134,1016.2864633613027,0.6708554423268221,6.179583880632069,57.12578338109838,583.1386252846559,814.5626489103464,85.06293810981441,92.79192590890315,89.43769029050355,5.715786420089786,74.33397458444156,15.648585475521681,78.30085706522797,73.3059222648733,58.99174691230078,25.623014712765546,48.28305105127336,48.476630776086076
2025-07-26 03:00:06.976472,22.82781314699812,46.90210243666604,1016.2129412111693,1.385653882447597,5.056785604161092,56.840263792865855,588.4053028404682,654.0088220382343,91.77596406852929,54.81033934981776,71.34274227039569,41.243157122779415,55.88998683390092,32.26035043014594,34.97785432329714,70.6279971496629,71.30800357451308,27.036002416334277,18.81135807805721,50.28013570918938
2025-07-26 03:15:06.976472,24.770115672231647,53.38142593817855,1015.113493516028,0.792412816020124,6.193460177201299,50.19913509451431,553.5120875168285,705.4224913437783,58.390560535668925,47.87436466343466,61.83666127395622,30.15564971777242,9.034687082034425,51.664515553367984,38.484128176028335,69.32254353602654,73.98856743263457,40.472527758072104,68.9179381995944,74.32461187459815
2025-07-26 03:30:06.976472,21.62013085695307,50.70944832818648,1020.3913516290517,0.9819961837314753,5.1668957163626725,58.42000063502474,548.739002613669,722.8144510527724,81.63441237840334,63.12280969712766,49.655902733932884,37.97090429665088,51.305157916717704,31.805805237765068,52.57939217674911,47.476467123398386,71.52436791516432,58.69704895019352,46.97645897930492,67.91748635419073
2025-07-26 03:45:06.976472,22.73240379894098,43.70787003423885,1018.5916701394912,0.5955558287664086,5.3644284010383085,60.789249178217254,682.7017830992554,794.8333777211634,68.84140200629729,50.117192598431174,68.59902825623874,51.412590694781954,21.120323068048602,54.512674894317506,33.62339809597273,53.41575693431538,97.20138787280493,58.41473364892556,44.37597898864065,71.43303909234872
2025-07-26 04:00:06.976472,22.117346116025576,48.10787404876372,1015.9377790661915,0.5784514660990427,5.638712262849328,65.23359447147838,624.2349512238678,762.3571229290117,66.82765756644335,67.85455800286077,60.9129694928283,38.0924639013065,37.64363588195528,45.29856113479976,51.76091124912418,71.8681140064152,70.88086870197843,54.98113672781159,58.00109818637089,70.9877263012044
2025-07-26 04:15:06.976472,20.124141432870083,56.81239467214021,1015.8123774508512,0.7955998128430787,5.646062251859046,51.286549283378456,540.8710503985735,897.2101621477551,25.363415980759303,71.29237653465114,39.74103710497954,46.966998375403584,53.10560332617643,39.38093905778423,54.78493291182265,77.73235948569534,45.84290782586435,33.09208598011753,41.55528304790307,31.581823965447338
2025-07-26 04:30:06.976472,22.318089271371004,60.20108088531314,1017.0639120203789,1.0241325504435719,6.5361533323328205,56.64399208921882,437.1991049918952,717.1686430518333,50.22463911805974,36.85323669788757,43.75997708989688,53.46856650159787,53.98344931808554,60.68358844755607,64.16246916447412,69.19702174395846,71.88790597927623,37.09940113805097,50.62913662767712,76.77326009437834
2025-07-26 04:45:06.976472,22.24668560006916,47.34932423004087,1017.3462421714519,0.9390673611457893,4.661036940044216,54.61333587739978,588.7354368584861,624.9019938219188,58.809152628876994,55.84687220315,64.11344485370802,37.527326998698655,59.9750172291182,49.250807458874185,51.18054169264029,53.38992325729336,55.546440352324524,33.43099708403825,55.93610799511906,64.61549034036645
2025-07-26 05:00:06.976472,20.976576707792006,69.36930893038273,1013.6551356444522,0.7455222505674874,4.670853255433629,56.757079824044226,572.1225814156883,648.5592879791882,25.64909879507895,72.29435637078682,61.859075591563595,32.40871678247363,62.90632568476008,48.35038221884875,65.36847522597378,68.77325663462727,63.548011757867904,39.322970199550575,49.11310965602201,73.28690940660445
2025-07-26 05:15:06.976472,21.62486670166164,53.08581131070703,1016.2430354915459,1.0918639443051272,3.60958747469836,49.80000309193861,584.8670934638118,615.073626465946,37.337492837701404,42.18715597248575,79.07704129875395,38.92875841947674,23.94828063391924,41.31807139832648,41.34864601304093,34.9190626511923,85.26645884282124,4.2063825826342205,45.46270295919604,69.08252401993072
2025-07-26 05:30:06.976472,19.656848345888758,55.001152972798465,1015.6321369488452,0.6574016796931413,7.209161543866474,48.05496327830313,500.40611120743165,776.8778744015013,25.797306434308297,71.45652347991667,43.155273156030354,58.330036102031194,100.0,64.85920435507101,76.32277645791127,92.51660704098535,75.70793930006946,53.23753950665887,31.98841238682803,34.327200755315104
2025-07-26 05:45:06.976472,20.448320658254435,58.62226816683437,1017.6625787573194,0.9001946477798102,4.990306805700557,55.0575317325259,429.19047094728944,501.13213786132906,55.53894118012727,55.43965584860631,47.75088769415813,41.127459501460564,96.957799005355,26.415593679920697,37.75508083296184,42.17004787672064,57.75575351574721,36.407612811185444,65.15084775655725,59.987963771095345
2025-07-26 06:00:06.976472,17.309526025239503,54.94766602207646,1014.2405102992267,0.8702677738483551,4.612039133848998,54.63433879642668,564.8703839659582,879.8748951692712,40.53115800827424,83.80339855728664,35.17479760169065,63.402552558849614,53.675933490583574,31.371360621430295,42.61663806123467,93.09436251828747,65.31492223920327,15.988654408738052,17.173789408961994,59.068851965041226
2025-07-26 06:15:06.976472,18.816825513946835,53.77649221467501,1023.4254107281671,0.8223366036690284,7.590695317375446,51.29817831254774,555.4239698091937,721.0215565441288,59.68767349744777,78.41129527788212,40.47519619857724,45.244360511668276,40.70541539569207,37.37065496014788,82.78830750699326,75.41671659164739,72.84349997353414,45.52891233939937,32.034177048096836,42.253568384979864
2025-07-26 06:30:06.976472,22.44871941678862,45.94870340739553,1017.0737440520545,0.8792755666952221,5.33134298394835,56.78513276845557,639.0634864978409,793.9519703862709,84.48228768592361,53.28292971375315,77.53528005489285,17.60307986554473,60.261760296399416,53.02348722576037,28.70313553991245,71.03061743131752,70.33059018785323,65.36646883189529,69.43616344266658,45.08644449769078
2025-07-26 06:45:06.976472,19.80041319750273,59.484798612779095,1012.3192505423941,0.9412131978854299,5.026093531231212,57.277877772417284,382.6356274588022,673.9020717875642,57.38839320628807,36.701898453689644,44.52764325908382,62.396951706945536,32.97259333120468,72.50897851804245,74.01737942854936,33.04083292109947,70.79210622539546,0.0,39.93629116223582,63.255670716512604
2025-07-26 07:00:06.976472,18.531518130631966,53.24800070786948,1015.2512086880564,0.6094595716159809,6.039386911052067,58.319622512403306,482.98979542834064,703.693114782564,39.83251600143964,71.31533353091008,54.54229590398887,70.73999861473898,47.32946371428096,53.27561935600011,81.10182540370774,92.2266781808924,76.70139300039551,48.669060809242886,22.12136253212623,59.46197515896897
2025-07-26 07:15:06.976472,19.464030729074047,60.988118250513764,1016.5458933628754,0.7832927490879559,5.1353718855243775,50.193322721928546,567.1133975286381,778.5831615470372,22.349261537517563,69.78968722276828,65.11567543952809,31.023201463542684,58.76817567574286,51.13625171746029,66.10448016656485,72.39004626437514,58.97400155221919,13.725611537095004,45.285694947339636,63.33627715166036
2025-07-26 07:30:06.976472,17.904102094880646,51.928814452358736,1017.5065968110258,1.0923321876605048,4.912336636789616,56.382866737377086,491.8878721602328,750.5144182620063,90.14563689298278,63.48126721513311,56.61955889274907,64.69929562603409,36.95083638214526,60.421684027915376,37.29875140770765,89.26890224967188,71.95025989907387,46.43858214448848,11.357753657549942,43.443499847932785
2025-07-26 07:45:06.976472,19.413154753839287,57.747830388744056,1012.5361803426952,1.1412078088461972,4.9357424541444,56.87210199676022,713.368334648088,560.8065918736202,71.69757180573806,70.82012715190571,81.87797246016424,15.132190747283683,29.53785651044816,31.971025035089667,77.51501742958993,0.0,37.02758221294407,48.85681669666673,42.793050046780166,68.72217079671063
2025-07-26 08:00:06.976472,20.416341633487264,51.97195631989064,1017.8384168741147,0.8705497662731378,7.378021962049221,52.01823085736622,542.4237451308709,678.0332837866936,41.671280508020686,54.30224177222782,73.68552005933341,40.70934680634294,65.23018886575275,48.398009313093816,61.2363739553069,56.088223915855,59.961072947378135,24.085394082930485,51.44331507013885,58.23974410658054
2025-07-26 08:15:06.976472,19.400008229024987,40.18068652063499,1017.6176150924548,1.8430475565947824,4.143857419296393,56.460404434028696,482.07390444286744,701.668334247661,77.42438898537604,47.61591799308013,4.607780510661604,48.758321879784496,64.5598729803377,63.60163855021198,37.57325723182976,86.25077700862653,54.695927140930344,60.590291819772325,27.94796164876965,56.53686170590005
2025-07-26 08:30:06.976472,18.93801336979156,51.23565733804182,1016.8231691906043,0.7033424723309768,5.7148161867832945,60.561603238736524,535.0006161584976,701.7754597541057,51.200047594659026,59.16263459957257,75.35171170907051,59.549171667692605,45.064897276844285,66.81228460858645,73.88969885438722,67.43895529437384,71.3783943730496,6.2620958618820834,28.33657706815132,56.02328807330601
2025-07-26 08:45:06.976472,17.47876465936019,65.58657704571803,1018.667568553283,0.9818708726589195,6.6571761584028994,60.89156167415853,360.8989396912033,726.5380551619123,77.56142648575117,70.2363322558757,53.43799727738852,32.28140989907955,76.49713697521528,70.0787901719944,49.38666525636169,65.72893497968711,38.71859702509648,76.74202710226004,48.158751790166875,66.6197270827422
2025-07-26 09:00:06.976472,20.06488949700235,57.34076474486973,1013.9461442389579,1.4345072225230706,5.825992812424212,51.784145537389186,366.38570199870145,500.81204213890305,83.48804689376789,35.04771473361218,44.01457742853662,69.60626490257566,56.72970181892273,66.5940642930121,47.113321784931664,44.728635435313876,67.8519144488798,40.86360236218935,49.62970878744383,62.48508420038714
2025-07-26 09:15:06.976472,19.18454282584217,54.33409415819755,1019.7016271824909,2.3510247518867726,7.295734241220122,54.86787854579347,602.2161437748716,561.1024131217686,25.724212033040278,64.77644625211178,78.49484199276475,14.208129872848696,58.85526716360483,16.10519767627888,46.337588627421965,39.04766034640836,69.33910619544548,75.9798216676532,40.262612063652966,63.74098367137759
2025-07-26 09:30:06.976472,18.83512177621472,57.819719353401005,1017.8414699604048,0.7818541140152544,4.961479165806563,59.11200090595069,649.1220016270528,682.618690221922,50.022889630888265,82.23666609211928,53.14054247121711,36.442287940385036,31.69131259870562,38.88308251256264,71.1068810621017,64.9716752173064,61.808596784547156,40.733512175375644,44.66201292215812,71.56892707024325
2025-07-26 09:45:06.976472,19.96860419827612,70.00887195171453,1014.9975058172881,1.851031570290762,6.0639209928316005,60.402538406225155,539.5875153409347,866.3138071944752,67.85169489308115,67.88072977872648,39.115790562534,18.30289527276597,51.566180497227634,36.295978629527546,56.726762735821566,95.65233103678904,85.89923742804733,17.250809746244382,65.71056839828049,51.50944422246747
2025-07-26 10:00:06.976472,18.82483440947595,57.737122018945485,1014.9132962497131,1.8090604313636498,6.028708233281075,45.25691426221916,586.4585607252404,676.2456484453178,75.44296148474523,52.45055722114515,82.8409605713741,39.191053061283284,20.863694076783133,69.72755244734317,62.58539529383641,51.1171519044784,77.39512448278589,48.31440622463224,10.422494216965825,69.27051029966557
2025-07-26 10:15:06.976472,19.92663061128696,51.2025168004752,1014.5592763040231,1.6656264593137735,4.582250100964578,55.80066441133058,502.5795340633622,710.8048678606124,34.19715398166123,41.4087403197576,33.15781120446994,67.51723831773646,55.72968646355859,55.2402845790373,46.317034910375206,65.76197835233233,72.17570763619938,59.929488221602966,29.677158443842877,78.91659815162349
2025-07-26 10:30:06.976472,22.519162829910698,52.00578311771697,1010.1316468714127,1.1045005135699055,6.1843982652577685,45.40061426929322,697.5549470347315,700.8118702946032,43.80521634297761,76.0962361110998,40.86718161425221,4.562185692604956,41.250822916291106,44.44056847246699,48.46312416670925,39.052133284199776,49.257760943794445,39.49381672797297,100.0,47.48560898640892
2025-07-26 10:45:06.976472,20.558308868355983,45.003882396008756,1014.5248028427284,2.477619402388797,5.027222214268014,52.96734743054392,287.99486044244105,676.050540630686,63.670466950941304,17.900416994571845,0.0,84.92403173405101,44.22514705736653,62.40979024125202,69.87508455720874,69.33745038952823,47.058234934064195,53.41779646205372,18.926542860241145,0.0
2025-07-26 11:00:06.976472,19.8233599467889,48.54038785754317,1019.9991093746054,1.3407237381151222,7.038536427319043,53.13693574826591,526.5567362399333,773.7608714083655,33.493718012660146,66.74866148656555,49.26742131666353,38.503366105513656,37.171988336521274,68.00632155575677,18.899192543121686,100.0,55.13199447947799,65.69011925628368,24.943837948937805,39.7692165193949
2025-07-26 11:15:06.976472,21.54423123543364,44.126185703607106,1021.1306417746277,0.8836268111813176,4.3772851452283605,55.79357471201558,550.2674969138578,777.3078980579254,69.66807063326776,71.24395926458214,73.35047352691046,8.195938387505391,60.711273830457,38.6007776128138,53.56923447208948,87.24256397215689,75.55976731257084,55.01060069930025,61.12884420340661,59.571363016362845
2025-07-26 11:30:06.976472,19.9247541023759,51.74237992151741,1023.5659943794341,0.7792726526960345,6.157330675125107,54.677844361655666,546.668025954347,660.0448187231583,63.70683382880993,89.3987008452623,72.1559183776657,35.69210787061754,36.01691651343058,33.692063651741485,79.7791667192979,88.86768705999589,55.83665386249332,36.377492001415554,33.065145171981435,20.06302748527005
2025-07-26 11:45:06.976472,22.89577776776263,46.71990854479487,1021.0737581180746,0.822363028930136,5.077829233348826,54.73863953290428,503.45121826027855,676.6858477573428,47.75236461089325,43.78316230506911,67.25377411708294,55.9870618772205,52.37757253474559,43.43476229632499,30.785148556498203,62.66695810997558,57.46119263625771,30.48707810059346,54.866549266384226,63.620047364114704
2025-07-26 12:00:06.976472,22.042672637139027,62.79507996536832,1018.7018684236577,1.024604295448039,4.464213806168288,50.80470005870661,471.0870557315163,570.1635779378481,46.926454702399994,40.21573169194477,28.99808731945603,64.07628092679195,54.42001431061635,30.643535875552864,65.02757115771067,26.79291789635388,79.89780383362269,55.035113462054305,48.33915520406434,59.064709928737045
2025-07-26 12:15:06.976472,22.034870669366367,45.84592888208755,1018.5054246074576,1.0541721073518004,4.667683505099234,54.65800068225302,500.8706514716089,686.6325867631527,45.26905385893429,47.305514195516686,45.371546186440895,58.61179474628986,35.48466921036664,56.90073325174263,70.56081811437231,63.61060696640928,80.00217239703514,54.14726534006689,30.96498878484401,36.062607107169
2025-07-26 12:30:06.976472,22.340960379179354,43.730130961218194,1016.685260982242,1.0408503861458087,6.038131568156787,60.01537641415579,527.9864185251986,721.529033172711,55.39138221777776,62.829436503264944,50.6462819115968,31.105168910304382,54.006750067246834,35.72585092001951,72.74758270701585,65.6182930775694,61.62911941522174,70.95377995559508,47.315806032490016,72.9290318158628
2025-07-26 12:45:06.976472,23.00635369048256,57.60345887830944,1021.7890835403084,0.9103900615106467,4.758425779649847,52.836592936780775,545.9902580986818,703.3983582023175,70.03732677285574,51.376814203716336,68.41214224260578,45.21317352720431,70.9708551066069,33.86327864014454,46.44615674275689,54.21153470400605,55.83627334858877,44.33880682975908,47.28242995301836,65.1159927595725
2025-07-26 13:00:06.976472,20.83075835274701,45.562060289541144,1018.71973453732,1.2788181077838476,6.195304819898416,54.26577077034439,596.941064322281,799.9187766198359,50.8827180541751,67.49682421842556,47.31440094077941,49.681798464060954,40.36557476162788,46.253797884187016,39.57289427604373,81.6992410458522,81.0690810722242,51.42437865524746,12.04758829915624,55.04124389208891
2025-07-26 13:15:06.976472,25.954610922583186,42.217284865882874,1017.031999925622,1.039906797927421,5.426387833606565,60.466267466264235,509.7690233541976,773.6800600233767,69.20507956379403,37.67525164207411,78.78777449146259,6.305468604100431,95.81895367825595,49.056361402397705,19.744495554144507,80.64340212119357,66.6863609811648,33.20483025252406,82.3659518405008,13.110524997952137
2025-07-26 13:30:06.976472,21.56283072262489,52.81455934291143,1013.6554639468332,0.642147588437859,5.135232486697434,56.37968889351378,594.2522920878623,666.9849715825479,80.96727077750332,89.95535468971036,63.61882564445517,16.744038232956328,49.793763165170915,25.14622704129083,80.80097281335033,57.273250330800494,57.23629767047081,53.7342567207856,53.61541415106246,42.56034963503008
2025-07-26 13:45:06.976472,22.65141666369194,55.45659020264745,1017.1114181363275,1.0488271305182895,3.3698890866084104,53.78014286896492,411.8908771558297,525.8322054870771,62.67253194038999,50.78574635934709,59.603556865002425,38.015765680365305,74.7766723164405,24.549928425835006,68.50097633500056,21.063209782147272,49.11696714763659,70.96619624316224,62.66232719389902,58.534598155903886
2025-07-26 14:00:06.976472,21.68628824880091,47.529218677917854,1015.5237031146902,0.721770486447244,5.044416366623318,53.182084737143164,530.272546664742,796.0915697536398,65.99766043178822,81.01637956055343,36.39213310930906,31.241619332283644,58.73506658320339,47.560078262696024,28.084504102722978,78.59365610225179,45.8728824147429,55.10878618470162,62.46974792370048,63.99738200783081
2025-07-26 14:15:06.976472,20.108463338745096,58.792523814314556,1016.6661960362223,0.6809171018407749,6.689237180598287,60.33406715392013,400.71390301672113,693.27079236099,38.20857300549726,68.23471525524495,32.38706467846375,71.32886608285656,61.5453188584137,58.16196746991068,52.13806163028271,69.57324473738973,66.10329914058848,38.306718432718576,30.56503820995283,99.18045255004328
2025-07-26 14:30:06.976472,21.819771504008184,52.537245409116764,1021.4383300649175,1.5584759831004613,7.666243402782129,58.12970467340699,604.6296920418827,700.2112140067121,55.42416814607749,65.88115152733761,59.76507597472669,15.16853224304815,83.01625325284584,30.644285345864414,41.02185392899905,60.42344689610083,61.258255780964696,28.203507660145068,31.573174390674968,48.39073145448364
2025-07-26 14:45:06.976472,21.346603220821773,41.27997783753186,1018.6797093339351,1.0359142130983785,5.212133578938275,55.80510794911196,621.742836662748,778.6003307124367,44.058418878480666,76.11767855660223,55.956660598404454,29.603286419989278,45.89544506016496,39.26904949046368,19.838032283006015,83.55514744079612,68.37971533607265,23.188389852722782,36.27112640345049,73.51827472921315
2025-07-26 15:00:06.976472,22.714157861485784,58.974025747916,1019.8560030456684,1.0829932191972422,7.929401991228852,56.181950023538754,530.7039365668325,401.76071788229086,52.84130842842876,56.43632167923342,85.99648871845488,35.768103757952275,76.5355253058332,42.369212344776294,68.90959213137559,23.735519796781986,49.4439145231002,49.059846444313564,47.27484237058279,75.59968968551864
2025-07-26 15:15:06.976472,18.492730758543704,51.996371375636166,1018.5013591827578,0.7691341390686957,4.5439488540875965,52.920131645496966,513.7597451362642,758.0678956159245,37.46699645323576,93.21260797610657,86.76107170736478,38.49260193816186,79.56485038290886,23.452215832399,100.0,90.52319969094859,74.78542793461946,36.49433964859467,10.40116020030832,48.65806728241324
2025-07-26 15:30:06.976472,23.676897297988813,52.90381556541775,1020.2095333845482,0.9383674788286115,4.771718804933926,53.7507923584175,586.4089573500887,737.0795038811495,84.01533466789637,46.17522280960312,35.16368243673756,33.88066020201679,54.64732123997615,49.12505823246572,48.56055247494015,52.222360148827995,74.18576267998665,26.483799606201853,72.27304220810838,64.06800250166533
2025-07-26 15:45:06.976472,22.46160446528936,49.53723318938661,1018.3924998453641,0.868449843436645,5.4221657370317855,49.45457993858377,608.2587760826441,742.9031935346312,87.286548200294,57.45680982869574,51.37156796092748,34.68431811088485,36.626265994596025,52.663725157840204,62.198570350613814,49.16253378324006,63.13732428321097,32.035785815460365,57.55815771494943,61.05425065413683
2025-07-26 16:00:06.976472,20.240037346651047,50.57875892810496,1020.7137315060634,0.6307750893610691,4.889606408896838,49.85004034587145,395.3073873210021,585.149031783539,77.09080465954347,56.85509584548962,68.83451741081763,67.22731909385422,10.276245073782839,52.4009624910289,45.92628795091406,52.32231601640793,62.799032889945025,21.262076670131144,41.61391456542473,65.04541034678024
2025-07-26 16:15:06.976472,22.96953725798431,52.43394866433083,1020.5588994368138,1.3393805040079805,6.813422463255241,52.91845323874434,295.383659393498,534.5941135615991,72.20667724571564,29.024407559432586,64.51481363999318,43.633864523606505,71.68313380040546,86.79965953843094,41.97044696102862,51.632164988799275,29.60570072571863,57.55845000124986,59.27868586130206,72.56151401421603
2025-07-26 16:30:06.976472,21.761324235692374,45.736033547742295,1016.5265948460291,0.1435717836167429,6.186916939050636,53.408925332400855,794.8093363887708,698.3623968634073,66.10652843291662,99.2898052698243,64.05590008951391,23.82172244664696,80.92922827056998,37.10318508943363,55.26871072802404,48.3893183480802,49.172007248626834,56.37391065245282,68.20733937834984,42.42829226050087
2025-07-26 16:45:06.976472,21.463117376582797,52.360778567163685,1013.6606700601412,0.6060577276857498,5.737168163999958,58.715698328896316,458.2393707182553,565.8812320763042,66.80070148709547,57.626465320655996,58.68568940430063,54.43817171576689,73.73031220435412,44.55014464020559,52.1495425196579,34.49796285163138,69.46913719600633,64.69422918859881,57.73621203975031,75.41377509107302
2025-07-26 17:00:06.976472,23.11689610525021,46.16922204487001,1020.6926116270934,0.8888251223563215,6.216900282385928,52.59125518517141,623.4893261039246,694.7867358695441,71.05814265909144,58.06661985596192,60.699300477937754,33.030411679854446,42.16508564651342,48.885764643028,48.457925474989075,51.54151848229428,53.399524271066454,66.55714128636112,58.18464304160255,33.191144161047035
2025-07-26 17:15:06.976472,23.478393192981436,55.84313401415559,1016.5565446239799,0.47454139855569405,5.254824375507364,54.13476282508199,604.9953583987383,708.382683104394,49.29128415274238,73.2302998517652,53.67892275864802,23.720594479933702,63.45345180964323,48.721260275627735,48.901257914455265,76.95141626974412,74.95239205187495,65.99231010644762,78.67287334957064,50.478523962971146
2025-07-26 17:30:06.976472,21.438210520602173,54.13328233098929,1021.8432089271698,1.0996730463554387,6.331203493421262,57.57096038145094,455.29267083100314,915.3371817813907,62.55846113202427,44.429693705732795,34.09780394586701,77.70765446357316,53.96427796141173,91.81403235579387,38.697225877777356,94.40206733039093,68.55911850448702,51.04623965294277,13.809263805316588,54.475294058345455
2025-07-26 17:45:06.976472,22.25227848111395,56.48291959034003,1014.0516359785285,1.14219000428365,5.100294184472282,60.25575762825503,583.3557801017256,700.2309108064193,73.20330782899065,44.49192683114032,74.8089222687995,55.94933926178385,30.8769750946335,63.81425509035825,44.37862347764142,54.08353305138377,96.28136211297124,14.914925236510948,15.785706945873054,36.92508213291574
2025-07-26 18:00:06.976472,21.273605872981463,43.951877977502924,1015.7146042984917,1.345598690105053,5.425958759188196,61.258764193845856,483.58213707107564,531.9586705427662,28.788535746535647,51.42821657215634,63.629575800803686,55.97373313823019,30.580580042855708,52.60560959895321,45.487427794805434,54.57465033110868,89.28445691491895,40.48744057787604,11.784018695121278,45.20248791688905
2025-07-26 18:15:06.976472,22.992370659947763,54.42690825481664,1020.3811825628673,1.0007290186281081,3.620714324125934,55.0099506662363,441.1661682051221,613.7194154965624,75.97727756143033,41.97230936004225,50.62363257103567,66.15877447361285,52.630640472383995,57.02845128477422,62.54264815817763,81.82590563397592,85.02627626363913,70.26475608326602,31.12679216530999,45.32695796558254
2025-07-26 18:30:06.976472,22.539660553903502,57.054900709832836,1020.0523399131924,0.984773547359958,3.371881559730598,50.784116233891694,456.4936043707284,832.779289182699,29.229560468680038,35.69681776736617,29.85649215308845,63.16990066292142,44.40965286538113,51.302183818377976,80.54219174575064,38.563756422964104,61.05100158344289,52.674208790866636,43.80980161781749,100.0
2025-07-26 18:45:06.976472,24.51390453572854,53.75130167224567,1018.3476782758974,1.119447071443586,4.9320970458995,49.20161243190741,444.21044047235773,694.9910489239459,22.705246980513824,35.212657332588705,56.42621552412786,45.78046729400024,77.74357555866055,71.42090696860214,50.67498172643216,82.10456062292783,76.8476450577515,41.78060001604133,45.95796990004275,65.39289314917445
2025-07-26 19:00:06.976472,23.105758643990765,57.49682102818159,1014.8361266100969,1.4249216118396821,5.650682775132261,54.81627196501229,622.8697056714357,673.560105871312,64.94014124687133,61.50417848530029,56.499297792907946,12.569686848004997,37.85408359580399,40.624883696259204,41.38831427807382,50.7412705068661,69.84343898962027,36.86249550171643,43.228208351822325,38.778397026807696
2025-07-26 19:15:06.976472,22.85901600065566,63.839026727878654,1013.8840403694119,1.2127893969600851,7.04870537701665,46.846895832246744,475.79348961965593,614.6054275993932,80.52249309397351,50.778013141684006,44.091636529389426,51.44012632849172,63.513379974234,46.21617593976829,80.68971823555782,53.65660003198317,70.85286799183608,58.12995987052656,36.81048394793374,37.90940481357188
2025-07-26 19:30:06.976472,23.031595266006743,42.666273164335216,1020.9194910013365,1.0224276374880565,5.204063726918306,51.916069717423994,512.2332269302295,696.2983072195855,23.063469639497956,61.708627692320086,68.45181567884305,34.53130238628053,41.65295417099176,44.061732152934226,67.07763227122152,73.04987306685,58.58740090819411,73.97316360147835,44.35183352244848,66.06571077455897
2025-07-26 19:45:06.976472,22.397554580155226,54.12664950678745,1015.3104528171641,0.7375121446833595,6.92557617199336,46.249780019349885,564.9504455737751,800.8010140580461,50.10791758546913,77.51740900227497,88.09159960144828,10.744639001922804,53.39120175785003,19.77138611449519,52.61683719575107,49.92306776669478,26.944634878272762,50.06733363526854,65.72641700229241,81.52883513627809
2025-07-26 20:00:06.976472,24.76120330881856,57.39956640253542,1020.1868116839918,1.0611913379655868,6.830998392840101,54.25186236115388,513.7036829595669,871.3077481423325,91.41578588378077,34.87148116954204,41.06119802884438,50.53991958052008,33.64344598498086,44.56962065270149,47.60163211630753,70.72015770349623,81.22645517087497,64.79545355109879,53.05834003758233,61.69574180841547
2025-07-26 20:15:06.976472,24.93924523492471,53.213706449016385,1019.1234943044144,1.3175473968277984,7.49084167122099,53.80545564211515,613.4204811633954,604.017108380431,58.460162060096025,41.129831553120674,75.01890582852616,36.69301973361734,29.258901902078012,55.76534610970418,49.18014270865358,35.846101564686975,46.38952500269928,32.94846800480768,40.74758814464265,51.315053055187256
2025-07-26 20:30:06.976472,21.33244381568329,49.87013701490282,1015.6405964537558,0.6718659029248808,5.478768096172131,53.31558462193663,541.6918040059347,854.9723368721612,59.109470739626545,75.11961718339809,55.73102757464784,43.009332322802834,60.535443117393015,36.12474936160536,58.32675153653445,61.2107037776794,57.361940949806055,69.47202077926721,42.111091904867926,57.10913576255725
2025-07-26 20:45:06.976472,25.41199614260196,51.5201498358772,1019.4652809284622,0.7017337199327933,4.130211120882717,47.03498812626701,578.3170638760965,595.7917083044712,23.205116825010606,56.28365547855001,57.10855978047432,13.354214205840067,53.557598564538125,38.34796625367788,46.72350336475105,42.37195755014837,64.01530980461656,63.82244660997702,86.58944770945712,51.49029226056736
2025-07-26 21:00:06.976472,23.846702687710806,49.60934300829065,1015.5492955855465,1.023347586193265,3.5180855531827713,57.73305611436996,501.011160835663,684.5127869545641,68.42324018905731,56.06470469479201,77.12699017870949,29.502967297803185,39.849523435115444,25.730765590133508,61.2685421033061,62.66186999303902,57.14395989588906,31.730144719682112,50.453666355655514,67.03055079281977
2025-07-26 21:15:06.976472,22.608853970575122,55.251977166046494,1017.0192286739154,0.3021692579281017,4.889448988993157,51.86325597836236,462.80711859159805,727.8864973055018,62.287185886710326,55.357568871571694,33.77028175779543,81.83692455984321,47.621546267349366,41.029817049826065,41.681173564355596,58.53740048487365,81.06716510477207,32.97857530151631,48.40720691441762,48.517716153921306
2025-07-26 21:30:06.976472,20.711201469871558,61.034465598345875,1017.808797351148,1.2293463003274512,7.8989008030895365,53.82398322121153,505.92183644092756,622.2845557297314,59.14445325601522,84.36330358264229,39.60403350992669,34.181313621100365,65.82531344578268,49.03038631055332,23.588852900799072,81.11199114379313,76.30565024773502,50.306651424231454,22.664721969686603,40.12266139871679
2025-07-26 21:45:06.976472,25.584944584464218,49.82873425580514,1012.3296105903217,0.7135540234733789,6.940301351602614,49.65812646120741,458.4736117697248,617.3270126882885,0.0,32.71038978792804,36.458752076417234,62.960042823589845,77.12886219235175,91.1446717206865,63.15672017525811,54.82778080383848,85.97356557870965,50.20919554818942,62.10956952071205,37.40496935753323
2025-07-26 22:00:06.976472,22.46235480221499,53.60078175888598,1022.2320790560751,0.7809482421253062,6.885364874012326,51.50309360817897,433.9390060583561,649.4036668421566,31.096150731023382,55.47567998605507,17.37357708196509,66.33588791824758,65.38759796558844,57.91467064178335,54.33069918149251,44.811249131519595,84.7001956810447,54.92929655280554,46.749727184553706,66.52748589969391
2025-07-26 22:15:06.976472,21.902578633112956,49.68878811085815,1012.96606317142,1.4102970912346025,6.1674609609093105,59.452849289438745,371.27223524428354,571.6422818988628,80.08945116408336,43.5514112322006,14.743685364402134,78.19395834850418,53.00608499344739,89.26971891725076,50.332634121703,63.3925805525969,98.57963108224881,23.371235661204377,5.788083624654405,65.93718135201046
2025-07-26 22:30:06.976472,23.207906312596233,43.32608021000351,1021.1918577098975,0.3564906609281647,6.950994154866245,51.885664230663046,571.5587888377795,780.0459555892177,37.94420534148482,79.79134049147206,85.5063363423073,43.70934589399111,40.39895305161866,61.855380685231445,72.52559512058151,86.16304653377084,66.27102574779593,38.41901024200921,33.97244692582741,72.87198500289185
2025-07-26 22:45:06.976472,24.246068953093346,47.45283525409916,1016.808582819178,1.1458154525117623,7.642418881174425,61.00939967278488,470.8761380346609,570.8144616163628,40.442096233052055,59.8367442476891,67.15545160548231,30.26101559597517,57.92859620710065,67.80955141526074,43.183358259226694,52.52602305278658,61.76218319148417,63.2609011805224,43.896555478599254,65.61571327760993
2025-07-26 23:00:06.976472,24.525306284560912,49.573599657723314,1018.1638703084532,1.0153174380938021,7.019638826631883,59.62247562642116,532.7879551201463,759.357961403342,79.03052102346807,73.39851258918198,67.85176059717708,34.42576030397092,57.29407419354732,46.62684848383823,64.91301682994127,90.19334799910058,74.48124276961747,55.727396399644235,49.614321085585715,76.01849498783704
2025-07-26 23:15:06.976472,25.53620976485199,48.380131605810014,1020.3226323850188,1.895224354898723,7.864121678066946,49.86654881075282,443.0884651403931,446.2964747730943,54.13427740851425,54.34586446750389,44.689202279757716,31.996363780667398,0.0,48.396563309217285,28.159927961576752,51.71679932579997,61.901785041509214,60.434424976457194,53.73930962246859,60.60656828780957
2025-07-26 23:30:06.976472,22.12772369676956,46.952512652380015,1018.8314171190394,1.0706667128448633,4.484007093092225,53.2379621219547,432.39613843982096,642.0359630615774,63.56715454735497,86.51187571016358,40.32960911022098,59.93488707533646,26.131017596042444,62.622763394040746,15.360670048808684,95.12308618365715,76.61263646051881,77.90162939608125,22.37202962476258,70.48389507736913
2025-07-26 23:45:06.976472,25.39875303732451,45.74666227604967,1020.3674880654276,1.0394882218790695,4.6609135921539515,51.93848493117212,434.23282314840884,696.5236090363642,53.15496080798323,52.73707318525281,64.35573052434201,54.9719367487007,86.57806080911078,61.511281418742946,40.17132313802827,54.74271529447984,53.370411372123364,27.584091104671998,61.67210442874583,74.41978548561184
2025-07-27 00:00:06.976472,24.626853082711346,63.88946961642546,1018.9101037746557,1.3466226275282493,5.513659060779189,51.36364983733997,506.025752761732,566.7818907744959,57.4436384876592,70.59350047386619,77.32024229994424,27.14660498116294,31.358060778603082,12.554922546222844,38.964825677251184,39.2214855720416,64.88180879904797,40.397650949528916,55.96115797949357,68.47261679501773
2025-07-27 00:15:06.976472,26.767547285101678,55.973281055174425,1015.7666286248287,1.5808536670924376,5.4096990747815425,45.75319078664233,423.2318175734001,679.9160800070679,58.86393553110907,33.04717115340938,8.36154435463707,86.75888872604072,56.16806997380468,76.68586589149291,62.17335148297736,82.5260274257408,93.71499722802594,65.87183956782759,46.523570974292944,41.65656849528796
2025-07-27 00:30:06.976472,26.343616007361003,56.55468454208602,1022.47495019987,2.0619514604004436,6.525309622862592,54.33021290310285,382.5436996358058,770.8696538192931,78.54804389818396,18.225302739964405,16.32922952727953,59.1573700789488,23.102824167015395,30.353152359431146,76.38583527236895,58.67298521671109,27.800657678501018,33.8998188484192,32.8694799841833,58.68320474021096
2025-07-27 00:45:06.976472,25.63209588306743,66.3514487886121,1014.7603350937652,1.2463383246934159,6.398277394523818,46.87487015490187,651.2790504323254,582.1729728814335,44.20532265210968,85.24617527756239,71.45528603842725,13.173176380637544,35.827644154737506,35.24655582596323,69.27356857152547,36.101351886218254,32.161496917549,59.912885605911,63.568944100144066,78.58191508872514
2025-07-27 01:00:06.976472,27.870656337424318,50.16581209414553,1017.2670299166642,0.9791624866074968,6.067378585844212,47.80250081200118,535.5782770924844,690.564625374159,57.12326657855564,38.964500352733715,85.40415652072092,26.834650668864775,38.21567592992689,56.418425333015676,29.189431211503713,69.85280184378354,66.61680614578908,51.586448332801716,66.95258989599984,72.70869216214976
2025-07-27 01:15:06.976472,24.446647358334765,48.81062835349405,1016.3456524671241,1.4339062662163164,6.257446037452383,56.02470175480265,519.2397119822195,778.3843737938442,36.03719469678619,53.8532697930359,54.47801373691751,45.899351047466475,26.514620229149678,33.32533927774222,47.97462349266014,77.33385511274903,52.768241037341255,42.12445241487776,18.543035062053708,61.11466948356491
2025-07-27 01:30:06.976472,23.606589402812105,53.498816778272925,1024.458405302502,1.5325804808919272,6.98430172580454,56.988581119663195,584.5079648337877,634.6990507666599,37.197886464801975,74.48123784476785,80.52866394474675,8.012060006214433,99.71034076508758,25.19305625123338,81.59565214534594,49.59679493391274,39.6768417827417,22.91614543628744,27.361535525336816,45.9582096023282
2025-07-27 01:45:06.976472,24.694861263516863,54.36212069934052,1017.8079781078893,0.4634088198191316,5.934258058789227,56.198115057742505,528.3994254288508,775.3991222248645,40.06388024624761,65.70356416073444,78.47677368614613,52.971727686760374,43.02840793102327,44.65589505996574,25.36595312695579,76.44861804008418,51.54273997905319,35.1799181210949,56.32932468019273,30.11753704414801
2025-07-27 02:00:06.976472,21.98377069581423,50.71041797545161,1020.056463062241,1.0688626295565626,6.50477672048221,57.74578032500729,661.8264677396312,673.250572729928,98.62123756426166,88.35831255630985,72.96472301488036,33.693738442306,19.71103166764746,22.615071528756918,93.80452990661331,31.160250592086463,52.25556897637303,48.48535893920114,17.28036606605558,56.55054606372873
2025-07-27 02:15:06.976472,24.944154978919222,62.86558881514793,1020.0926556273165,1.0532516238075313,4.475004076032651,57.11473990273141,389.6377084062829,688.3463623855464,27.86941032564192,39.897919039534955,55.416198138353465,47.23806321372913,57.291533716266976,71.74144397686472,38.549181381596696,67.62853194126079,30.18549298612322,41.307286802780354,58.11769614846574,50.38648303403549
2025-07-27 02:30:06.976472,23.429865549687737,43.21590856287144,1012.7272490188108,1.2780802561158644,4.055477467148881,55.601218450130204,497.68128390096166,792.0070627510503,39.19667254377452,41.99714632870896,35.89682758922211,65.04651057445531,35.94152111090423,26.679553100072518,62.98639145824022,61.850571997272496,59.85322483782733,48.196118071515215,26.099131356603287,61.896671933749595
2025-07-27 02:45:06.976472,22.45448308183795,56.55641180842267,1020.0051373007796,0.796987152781257,5.101492204198346,47.66808792812671,597.1984058167409,731.9235143657561,99.20917640938059,71.320394387943,38.373846734448925,46.65328648568707,61.502125085936264,47.559367935197216,89.17549729692593,47.36450386439874,66.74346776853612,47.648014031118514,38.09865039981539,57.5083778386449
2025-07-27 03:00:06.976472,23.74693588727535,52.927553774406725,1018.351186617594,1.99785761163972,8.000484444886508,58.80109736007282,329.0678580043092,431.73651620279475,66.37645543140891,20.276770449482306,19.889748972381465,65.97142459522755,49.62068426048693,52.6390060042692,22.039816119153212,70.28433503403429,67.82001976450827,32.64773345544054,26.166115336543694,56.6340179585507
2025-07-27 03:15:06.976472,21.46567163932709,55.773607014476944,1018.102599647347,1.2855227843982149,6.089543700830233,49.66344210442124,497.5590711376457,490.4783643061027,43.24432688009774,60.89981262520946,59.48196797089989,49.809751529115296,43.91208117505304,25.359317053965917,84.05456611752878,46.488324675309556,48.9872037691003,67.400890746815,21.04518239649918,68.04162802709914
2025-07-27 03:30:06.976472,23.15332983023489,53.67869090135546,1016.7082066239743,1.32662876292609,5.77106012682875,58.32998814993251,387.27836300407233,624.1035976019601,16.350328126971192,24.55693640874421,60.77371091913167,63.6389276718347,85.52928181359806,52.80477806150263,48.99063687407432,81.97893463873656,81.39684146297212,29.360669261396332,33.14581712448083,32.44247613209519
2025-07-27 03:45:06.976472,21.022638989344244,57.65617996418083,1018.3763075440983,0.9276915028960999,3.81497379473536,57.63287151463925,483.7933900215437,584.5126890254256,58.31870234689376,56.9288705998475,88.99503511872375,48.725525509274334,47.57169131920851,51.603530890290294,43.32016779675782,61.52579597293485,53.32196771957687,40.722390399402926,33.68958481099716,46.325958052232636
2025-07-27 04:00:06.976472,22.62987674693319,50.295928815256325,1020.8346333962944,1.6320102228991669,4.958600961133855,49.72469843072186,225.08713496097104,635.0267930701834,19.395241356073097,22.828368526463592,28.876407129962665,44.54896177077007,18.172133689619788,70.22049280610274,56.24459256460732,59.06432516072561,0.0,31.976533111617133,69.04400651672155,52.63912971295913
2025-07-27 04:15:06.976472,20.46620359689051,47.984378706890205,1017.2717843908232,1.6137906087584655,4.818684201536911,51.23897593761499,503.7148285872112,666.4163218261025,80.6302901742471,52.34217023790939,14.787310472621847,48.82096715169903,74.87720384680556,34.21227216294134,49.5360951627438,60.732582077178975,78.81259596561058,62.102354079594235,24.86107936531394,31.77877611667287
2025-07-27 04:30:06.976472,19.957331625920425,53.38939839722374,1015.7601858036526,0.785331642040851,6.735781222046462,53.649663935884924,611.8534831422776,744.8157106847234,33.149366961167885,94.24342500506614,58.07900037317532,10.906611506276903,93.3540722458076,25.781179054589575,77.1896330264877,74.44842492157674,49.36499274445635,51.581136285506076,49.862202880976334,56.533449673866855
2025-07-27 04:45:06.976472,21.15107339955027,59.12157779222762,1018.8139503063366,0.6319792954125857,5.756389433697856,56.18154370784252,618.2297134433493,819.7038754972796,71.03324594144343,61.63023761628692,51.29020045901509,52.939254496742386,70.20701722734934,54.112231859785645,61.13532545598266,67.39438316854394,75.20460463399432,30.903939485184555,47.127285475421914,45.010496986634614
2025-07-27 05:00:06.976472,20.454107538450447,56.67208224247654,1014.837483025629,1.2233767143476244,3.288521606103353,52.673447174415095,449.6090544825742,598.4972149773934,69.14796859296575,53.72299676681849,67.03796822264077,43.942629731531575,69.90809473692427,48.489434936788314,28.180071913136228,69.07036937452256,58.7651517401899,42.32403762873558,34.87325828213907,34.4371063626821
2025-07-27 05:15:06.976472,21.11338111207586,49.493890178773135,1019.6435867828583,1.450803316822358,3.7812953931215603,49.9190764570284,365.43436673631277,587.1787888158578,80.5683952251438,26.09930061996366,13.305117979001462,70.238230825993,49.24074923064959,50.249813218335994,68.06979438550812,47.00139473072915,56.67639365970372,57.83037652656263,39.76493349997976,48.20646703117516
2025-07-27 05:30:06.976472,23.569848982415095,46.58149336236208,1018.3825322638829,0.7442103963073818,6.889006946959576,55.90503437766302,585.0716286561849,543.3742229927407,37.524908451346974,34.116012985983794,33.751502482047115,48.599554001224696,88.59985678822777,61.36156860666747,47.10664378135438,23.618913958527997,63.55739952394224,68.41024504511937,78.32568422295559,56.07379472413032
2025-07-27 05:45:06.976472,21.448511430296158,56.64623971568332,1019.2492436920257,1.185464067091104,4.243752299361562,58.860200290001366,530.7434233990671,655.2310928406181,56.17863382340046,42.45286120122117,59.16596624410258,39.720059869527645,22.13622648320954,46.92228660081968,54.61877364067567,48.59605217393248,62.49653603979935,79.95438762923223,51.16357214010835,84.7641417242344
2025-07-27 06:00:06.976472,18.624749943187467,49.36229086966887,1022.8501979599298,1.9845092405445104,4.994356461678417,49.704870158122304,417.7900431587029,539.314004991999,86.83460360099059,58.77674330580424,28.174142741756913,45.94872152641928,25.81449683248065,48.32751333233467,24.400395844341272,91.12862316341631,64.1727503075163,15.962186548198643,7.449092827403173,57.64853120952971
2025-07-27 06:15:06.976472,18.194915848289142,49.28765699704571,1020.083687018444,1.4276468568271228,5.728187093154561,53.38947510294696,567.1955437565821,675.1750355396373,57.85340741346183,74.58490404857938,73.95815062670356,21.660114936924753,27.025385736763102,19.98908321276078,94.56088313936198,43.524178126976615,46.6192505971873,19.731075309562925,19.27678269287255,81.2319989586648
2025-07-27 06:30:06.976472,20.859447222936897,49.25781772763469,1019.8127887514763,1.427826335375241,4.657408808581403,48.168029900121496,351.45401249688905,665.8744718709803,37.95080243117571,19.97929617221159,20.270482035629946,74.13741510848538,24.031489979183803,57.51560924962228,60.30314705890163,48.10146891530569,63.78670370433668,56.51361154453861,40.010418752942066,74.34069543166527
2025-07-27 06:45:06.976472,19.71373286983946,58.17494469467864,1024.8591572983062,0.4581303720619798,5.309654897571214,53.46599642654034,578.6720828807247,859.9385361674194,68.86962260638842,84.32849834075682,50.208502338475384,23.37347969656716,62.79392795504183,44.002366378795045,68.9562687649662,85.79755112739326,57.860462618144645,34.63233183718517,68.60631568338219,85.28258956650457
2025-07-27 07:00:06.976472,18.879261270971572,52.35762702601533,1013.6586738436273,1.1539566521154045,6.670942303091614,55.27048174827195,398.2816268106946,685.8430860211859,18.446508894157898,46.05533520121009,33.031142995642995,76.0817688991687,35.32598146616056,54.43717806455096,45.11907727007443,74.98227366390286,69.14643862716967,52.564738375160694,21.857351958118063,45.6237476467588
2025-07-27 07:15:06.976472,19.257413211630187,52.69876615261185,1024.2789154249995,0.9894102178897815,6.699592071248879,56.71132277134759,453.91971938338895,743.9058958369679,36.402760052580874,52.61384268242287,57.3859172294341,66.15932823938343,52.314266185465286,56.12349293555782,65.37780117712052,90.22834906954726,73.39302118966683,0.8457422565613789,23.161638940229334,50.54046964762687
2025-07-27 07:30:06.976472,19.44627859109815,50.86847116258885,1016.3845523624894,1.0631855693721206,4.497484013265901,51.06227852669393,530.7048900046552,540.2976504587966,37.6158368344883,72.39845166946792,90.70573595022094,24.99920618040027,16.900124939338024,35.790751855495415,64.36595099831645,68.088176295272,52.70761486412711,57.55567079561128,38.39107165132079,80.5998283549077
2025-07-27 07:45:06.976472,19.823172965258966,56.31286835056493,1019.7317982262668,1.7772820103230114,5.906403698699672,47.53194842661163,355.3665184198103,640.1487602250558,20.391057708410525,27.95380377020657,15.890942058378865,58.466256439050866,30.098897556370613,52.21374666512714,57.46654762825987,61.95883941859917,47.912043493198375,65.3214957326402,31.177705900721474,51.313088409973965
2025-07-27 08:00:06.976472,19.67656915027797,55.18165085756922,1015.9887681486678,0.7010277343339312,7.553874972435279,53.23746156321009,521.782608565306,810.8886465698434,96.82227781304957,62.05796969326551,43.91316449682283,39.81862324652934,78.96257145595268,44.73931420816415,68.35703781276086,79.22915160580737,75.86309449905767,50.395672844279396,55.75230435669096,47.26758831748258
2025-07-27 08:15:06.976472,20.034492158810302,51.639413480781045,1012.8152241815161,1.4659706119504037,5.465370624625188,53.8712856651922,399.0143949198584,617.890539981623,56.01077862843521,29.936468513175964,32.5971221156938,61.278135979926965,34.639922797214666,62.65624917183504,58.896882383777935,49.2786693931748,68.04658083219421,54.37156904887078,32.96478882645915,83.93000250287002
2025-07-27 08:30:06.976472,18.751693097204665,52.68052924981016,1013.121558496125,1.3951186615546587,1.9966341418051679,52.75962153848156,420.56247564860024,687.967470444977,90.80022291456615,49.892043740570216,30.991445823381326,43.139787140435644,28.554042646088472,50.02800075377496,55.6225177081347,60.44456310470374,52.15461593983185,63.950034805955816,36.431550426398935,48.27802666401333
2025-07-27 08:45:06.976472,19.855785237518543,59.23708180135631,1017.80223746103,0.861151453596539,6.031753947504982,58.88886011390534,560.4047167283964,814.8999099228489,36.31179559187559,45.590756599515835,59.5393795318039,71.72624134731727,47.9251199032399,53.654991499304984,37.27602870643023,81.46265304051671,65.64717225036722,43.382881364933056,29.998900426514624,59.831810716767976
2025-07-27 09:00:06.976472,20.161947512364474,54.914231377129596,1016.4257521083559,1.4357641132238261,6.121678944360422,53.50346832459047,558.2853724693617,501.7328909523777,62.21707608960374,45.0011778439955,49.92004444532082,46.218892546050135,73.94915874684797,46.150185954575875,72.21382174718998,14.695385066349653,56.31775460409708,26.482646156474267,41.88813573129168,60.98623410459384
2025-07-27 09:15:06.976472,19.995473057192534,50.013427601787676,1016.6361120855978,1.3896785792102406,5.667858949525128,59.804484007852274,493.66441671025876,606.4132904320462,83.33392089964849,62.11253523001835,58.048769262629165,41.30197857993444,75.9853787902209,36.36739773161273,60.68654395934925,66.09072984325071,58.273043641599344,64.87373039233472,56.654886630250914,37.241300720374134
2025-07-27 09:30:06.976472,19.398267394048826,56.35852244405067,1021.060781273152,1.396430049557173,4.503105130532864,48.02347481129499,701.3010835021134,738.8623344305307,57.407666457643614,82.44944519341324,78.56797733888605,9.436519651606266,0.8352600309612913,50.26926706522815,63.88170758912054,45.840686149778904,40.999139498963274,35.447117662594295,55.269346906176395,51.13610747829445
2025-07-27 09:45:06.976472,18.403434623889815,51.834221001212214,1013.3786633821131,1.591812986156223,4.721567035793783,60.69283842780056,584.7502306996936,558.2440993967618,51.4867138568069,76.82770081859252,100.0,4.230915711708001,62.672144907154234,27.14464172717792,77.91477364448684,38.83651864130671,29.890346506618886,30.12814852975627,37.382612924937895,67.99347021133585
2025-07-27 10:00:06.976472,17.16476573825128,66.36967457642058,1022.3304983951415,0.5912272940982599,6.118765471774497,60.243465486657776,462.3477198481398,856.0886569538371,50.7106496819652,76.0608987767855,26.59233864903211,64.18289311159573,75.63112317806522,60.65904056305003,74.65502455025853,37.49276223390978,82.78932618046927,52.89767893662688,54.87260144814545,72.11438067207037
2025-07-27 10:15:06.976472,20.359840785764263,53.12043204546802,1021.1104708899969,1.821926325554665,4.208449792175344,57.208050847239925,405.4446827488576,757.6453677763467,43.80938840973605,21.847463316163925,17.94510690025804,84.38514790497761,44.762839551974736,49.879431599137845,69.9312480255252,54.91349884453819,66.01296955795445,40.319955034093965,27.46339709434623,64.37467478013747
2025-07-27 10:30:06.976472,19.700442192375906,48.11898710919592,1013.6384864437557,1.367748526920788,4.948249958254538,53.73783485355273,296.9260750125452,501.04600808312614,64.18345694826424,36.66558451401562,31.970131749533277,64.55509414271366,44.70396503080583,61.55827442912381,60.64221909812284,40.657905593100125,61.571912523240044,48.66494150029582,40.86525777326924,43.56626325773871
2025-07-27 10:45:06.976472,18.616180311296468,56.58937691218715,1019.0070654566563,1.3671720348330476,5.686192216673679,53.426855873469925,683.030053641402,910.0107324412286,18.511988587038477,98.6986535087209,89.75793466281768,13.843847467217943,59.149578555420604,32.24121825816262,69.95043032826949,92.97907792996644,72.16973800958304,42.921230368037165,28.722054492333893,90.19008903566673
2025-07-27 11:00:06.976472,20.737984884215475,48.0581060749213,1021.5833736088164,1.8056956097205554,7.311286931724762,59.34369413211412,331.994347134188,697.6001285527182,59.23085116725072,41.776937881193774,8.008850260451128,54.428205099896765,49.50627450222263,80.30921591497223,39.13429924430661,91.19732437626091,40.934580171466486,63.55593774022849,27.439298662042876,59.40644284842504
2025-07-27 11:15:06.976472,22.32104432362747,54.25089230650419,1017.6861180486727,1.0694086978533133,4.22049014350037,51.51934658832945,568.9298833290445,565.1689655593199,39.88653008789518,66.96011246468571,49.11885665464968,7.929696245372443,21.48208417533129,26.349069684901888,66.4951184039006,39.92752897827902,52.4851215880532,17.70859504055044,74.54502213057987,86.64857305286546
2025-07-27 11:30:06.976472,21.84346238121454,45.70129852233377,1020.7826068536714,1.0957823420765764,6.904848937335239,56.97776151259911,696.4751937761057,721.9486365388502,27.848653904521726,81.72402051552228,74.05950680508292,13.682226431790761,40.89350319919806,19.305367293054843,0.0,95.72175181076285,56.80258705181498,47.085208571780775,42.60979261498618,65.16222011263648
2025-07-27 11:45:06.976472,19.838006090975806,49.766868622521024,1022.1760492156777,0.9089336109952149,4.8552872086197,54.39426349432753,191.24750888629123,673.7225268508334,64.61742304537992,53.852024414211996,9.861227654283637,69.01838659406602,5.585740209087741,78.10479194450129,57.89690596364749,61.75222808861363,44.81427284771222,53.61200156884619,48.86472462849815,55.173757331010876
2025-07-27 12:00:06.976472,20.912321379319163,48.828342241992175,1014.4890971294526,0.8514164138120823,6.767849223665073,47.90786236379747,601.8183592792461,779.1093798311888,100.0,64.68486707281355,48.40732117209542,44.11259397526195,72.15933091876317,17.308697082597405,63.34507643372977,42.54926367698758,81.1296887575346,9.302637094261549,34.61661272670954,66.80550665649335
2025-07-27 12:15:06.976472,23.645850331244567,54.75649172379624,1020.1516390391946,1.5279519166755817,5.948314164018243,56.94796933292409,284.0963479553964,544.582649815376,74.62881572293772,16.657657327011854,26.005680051457535,64.50435924159834,35.72714717295327,79.03860114993947,32.708317972540534,63.592157731525326,49.7990686058895,39.45081980561314,48.1186099008445,53.96959866845514
2025-07-27 12:30:06.976472,21.414546506768655,56.48382994898177,1018.5215738666013,1.0021064530771673,7.312182797877413,56.86751381648764,552.5022396635895,600.7148821411299,74.55486719033588,81.38642764739565,88.87205867847149,31.13552312835755,72.875671546636,30.03149917388448,70.44323901258863,74.71954041695044,48.7599779890809,32.63378898543426,27.482346439887216,59.796636206903806
2025-07-27 12:45:06.976472,24.689554082807906,47.09486302256772,1018.6329171580963,0.5579905076772458,5.838733896537478,53.38231025506629,641.9102422772253,825.190167218085,59.66490911386549,52.108338269651945,37.6144291394319,51.2545574537976,8.15533738178033,65.3967663432508,39.22806757820258,70.2246169652157,79.28913905302196,36.72416790440896,62.83760684611749,37.24741324473702
2025-07-27 13:00:06.976472,21.641999157533892,43.56035313345671,1012.1269286150429,0.7578856672971758,4.899016085802152,59.58075334113845,559.0911994312528,683.0208129022565,55.558308012826686,80.45782579139309,55.20326573705603,45.286732109897045,61.20021426277097,38.82884000222064,84.8165522591621,70.40886940337843,63.25242166601951,59.115431670135386,34.747795067717476,82.74597253827422
2025-07-27 13:15:06.976472,22.38735055533708,55.57692569575578,1015.9969703121388,0.5118143122293344,6.548117820533588,57.41158388126346,466.96939728832723,667.7408494921931,92.88619114088424,65.08935654313399,77.79096374657057,33.13296365862172,39.70472270951366,52.68492493757424,39.218453316071596,49.411819550533345,46.94389997565748,47.393741078419936,67.7808071146758,60.10305123696477
2025-07-27 13:30:06.976472,23.988869332110124,51.365311097768625,1015.0927226952213,0.7844684186325404,5.990685483418671,51.12574141562473,545.9619190711068,655.996311182163,22.521650574560056,61.27215782742652,58.6480599740091,16.187519291256415,73.9229596627082,30.85004975302083,58.80727719620603,51.31662145852265,53.94660517057099,35.80064854563012,75.76602414797892,52.838214100208546
2025-07-27 13:45:06.976472,22.244287126239918,42.12765159553656,1017.6160890431499,0.3406178542994333,4.960427329691819,57.71605526328449,691.7924324922906,756.8084579107506,45.04639843681241,71.43204446810127,89.6399192786968,49.16266366801112,61.33775640363203,20.99114008470393,34.741515109985066,56.897677451238934,86.25233489578785,45.22580096175565,38.52868548649383,59.38297547739868
2025-07-27 14:00:06.976472,24.17667685896033,41.48797753755318,1022.907680092447,0.9498339648621993,4.295192275831483,47.329098628162534,482.08499810012535,622.5568405160813,49.2150909146079,39.485680403488736,64.47667065333277,45.83905138553922,71.12838224241872,65.33943233894148,57.57170030486487,58.170263790985885,69.34280654219211,31.561889857957414,51.51813300469673,60.0246216353591
2025-07-27 14:15:06.976472,23.969057280700355,48.88482157830096,1018.3617409863564,1.04044364570695,5.643043012870239,59.10417101563891,510.48106114642115,655.1862330534267,49.16019641234773,40.44643642734536,40.68766560768538,48.68859824169413,24.66137151099847,60.40218525571597,64.21423440527873,44.53358395640439,61.139676888443404,47.14249099440707,54.77926714679254,46.72316115110145
2025-07-27 14:30:06.976472,22.732901301799142,59.624395178791204,1015.4290117344124,1.2281219061866522,5.179029457982427,52.91018867882378,533.0252175216197,678.4189744255643,53.202642934027075,58.71749785302755,51.50840657876391,25.57417445572562,57.4441687526032,29.22563034992812,43.221264595369774,57.48381865612103,47.49662064141178,62.25744126460745,53.15080809992531,51.55564075587561
2025-07-27 14:45:06.976472,24.210081818009645,48.46299940829297,1015.2774993309462,0.6213012834173807,4.796051397871774,56.4347938029415,635.250146611564,570.3574387643102,43.09307937687532,55.95057377695103,27.91399659024542,49.93876537946064,53.84007006964534,58.89036551363951,49.66874359385643,38.00381183860929,60.200562992441434,12.874017003238633,74.77063996907613,69.81804297918146
2025-07-27 15:00:06.976472,19.806579297702463,48.79790238285157,1010.2670280629819,0.8225224736849808,6.604124318719923,55.66390952167764,632.6188835052836,693.6404286135374,14.57283638229086,100.0,75.9098345265405,26.922122214297467,50.88497368684497,30.379030497781468,85.92793062852839,75.72648758913299,56.10868132840133,24.41676430458769,25.451742453317415,45.70983359845988
2025-07-27 15:15:06.976472,21.61242644155417,54.7183808657406,1014.4737583989971,1.462410938451744,6.073479678674245,49.83623029282553,519.4291499451977,818.693204680282,83.44630027112719,52.58259074135043,9.05234062288438,58.30576499822203,14.59054111728577,41.03540587960524,37.43173850312665,93.00812851900504,56.704282189574364,45.84102264838126,26.517158521426826,53.95174610783513
2025-07-27 15:30:06.976472,22.764896838871707,50.270815812803846,1011.7555040427659,0.7098525907947822,4.801011418579752,55.31832196262324,596.0233947749504,728.1386334751727,44.5593612534112,47.57278122815331,41.5315079726317,59.75398739531139,30.075518079844542,79.19959969954601,54.76091830556936,58.20316320016047,76.61973260569155,75.9928194618377,48.865980094610315,71.39905787332796
2025-07-27 15:45:06.976472,19.63898586216937,51.88577036234224,1017.2349779561155,0.6204951873164662,6.210664854417035,59.93270224523614,579.7291347194528,835.5590702928147,46.02812694744694,66.787513712562,68.98475250069325,53.03578305301434,85.60215061766729,42.062145153850125,63.001752830886915,46.07664318842344,90.19596383021971,65.92143091579706,28.33828787485854,45.71069096558836
